"result_id","dataset","scene","system/arm","pipeline_stage","metric_name","numerator","denominator","value","threshold_or_k","scope","comparison_group","development_or_transfer_status","primary_source_artifact","source_commit_or_tag","notes"
"A01","Replica (Phase 8)","office_0","C1 / Mask3D (OpenMask3D class-agnostic mask stage) @ MIN_SCORE=0.2, min_vertices=20 — frozen ms02 reference","segmentation — dense assignment output","predicted instance count (ALL predictions, INCLUDING those that pair with structural/dropped oracle classes)","23","—","23","score >= 0.2, min_vertices=20","delivered","n/a","transfer/extension scene; human QA key added 2026-08-01 after C2 optimization was stopped","docs/uncertainty_policy_prototype.md","fcc15ab","Stated as 'hard nodes' = 23 in the real-bundle smoke table (accepted state = score >= 0.2, min_vertices 20). Identical to n_pred_instances=23 in the gitignored runs/phase8_c1/ms02/replica_office_0_exact_eval.json. THIS IS NOT AN ENTITY-ONLY COUNT: 5 of the 23 pair with structural/dropped oracle classes and are removed when the C1 eval bundle is built (see the entity-only row A-office0-pred-entities-bundle)."
"A02","Replica (Phase 8)","office_0","C1 / Mask3D @0.2 frozen ms02 (derived C1 eval bundle)","derived C1 eval bundle — entity artifacts fed to the graph builder","predicted ENTITY count in the delivered C1 bundle (structural-matching predictions removed)","18","—","18","score >= 0.2, min_vertices=20","delivered","n/a","transfer/extension scene","runs/mvp_v0/replica_office_0_mvp.json","untracked (runs/ is gitignored); repo HEAD c8e200d","variants.C1.n_entities = 18 (identical for C2). Decomposition from runs/phase8_c1/ms02/replica_office_0_c1_run.json oracle_injection_summary: 16 label-injected matched entities + 2 unmatched kept anonymous; 5 predictions removed as structural/dropped. 18 = 16 + 2. NO TRACKED DOC STATES THIS NUMBER; both source paths are gitignored."
"A03","Replica (Phase 8)","office_0","C1 / Mask3D @0.2 frozen ms02","instance matching vs oracle (exact vertex correspondence)","any-overlap greedy 1:1 matches, INCLUDING structural classes","21","66","21/66","any overlap (no IoU threshold)","delivered","n/a","transfer/extension scene","runs/phase8_c1/ms02/replica_office_0_exact_eval.json","untracked (runs/ is gitignored); repo HEAD c8e200d","SOURCE NOT TRACKED (runs/ and data/ are gitignored). Field n_matched=21; the report's own n_matched_note reads 'any-overlap greedy 1:1 pairs incl. structural classes — NOT detection recall; see n_entity_matches_at_iou'. DENOMINATOR IS 66 ORACLE INSTANCES (n_oracle_instances), NOT the 47 entities. Criterion is defined in the tracked evaluator tools/c1_exact_eval.py (commit 97ff382) and tracked docs/mesh_pipeline_contract.md (commit 5260bef). No tracked doc reports the value 21."
"A04","Replica (Phase 8)","office_0","C1 / Mask3D @0.2 frozen ms02","instance matching vs oracle","any-overlap greedy matches restricted to ENTITY classes (no IoU threshold)","16","47","16","any overlap (no IoU threshold)","delivered","n/a","transfer/extension scene","eval/predictions/phase8_c2/replica_office_0_c2_labels.json","4f38766","label_accuracy.n_matched_entity_instances = 16; sidecar is pinned to the frozen ms02 bundle by applies_to_bundle_output_sha256 = 7bd513b0…. docs/c2_matched_labels_protocol.md (commit 4f38766) prints this as a column headed 'matched' = 16 WITHOUT naming a criterion — AMBIGUITY FLAGGED. The criterion was resolved from tools/c2_run.py::label_matched_instances (commit 84e2d1b), which iterates the exact-eval greedy matches and skips STRUCTURAL_CLASSES/DROP_CLASSES; no IoU threshold is applied. DO NOT read 16 as matches@IoU0.5 — that is 12."
"A05","Replica (Phase 8)","office_0","C1 / Mask3D @0.2 frozen ms02","detection recall vs oracle entities","entity matches @ IoU 0.50","12","47","12/47 (0.26)","IoU >= 0.50","delivered","n/a","transfer/extension scene","docs/c1_closeout.md","a519a8f","Headline table, 'entity matches @IoU0.5' column. The doc's own reading rule: 'NOT the greedy any-overlap match count, which includes structural classes.' The gitignored runs/phase8_c1/ms02/replica_office_0_exact_eval.json gives the unrounded ratio recall_at_iou['0.5'] = 0.2553191489361702 and n_entity_matches_at_iou['0.5'] = 12."
"A06","Replica (Phase 8)","office_0","C1 / Mask3D @0.2 frozen ms02","detection recall vs oracle entities","entity matches @ IoU 0.25","12","47","12/47","IoU >= 0.25","delivered","n/a","transfer/extension scene","runs/phase8_c1/ms02/replica_office_0_exact_eval.json","untracked (runs/ is gitignored); repo HEAD c8e200d","SOURCE NOT TRACKED (runs/ and data/ are gitignored). n_entity_matches_at_iou['0.25'] = 12 — identical to the 0.50 count for this scene. No tracked doc reports the 0.25 or 0.75 columns for office_0."
"A07","Replica (Phase 8)","office_0","C1 / Mask3D @0.2 frozen ms02","detection recall vs oracle entities","entity matches @ IoU 0.75","9","47","9/47","IoU >= 0.75","delivered","n/a","transfer/extension scene","runs/phase8_c1/ms02/replica_office_0_exact_eval.json","untracked (runs/ is gitignored); repo HEAD c8e200d","SOURCE NOT TRACKED (runs/ and data/ are gitignored). n_entity_matches_at_iou['0.75'] = 9."
"A08","Replica (Phase 8)","office_0","C1 / Mask3D @0.2 frozen ms02","failure attribution (composition-stage outcome)","failure class: recovered","12","47","12","IoU >= 0.50 for 'recovered'","delivered","four-way partition: recovered / merged / lost_by_resolver / no_raw_proposal","transfer/extension scene","docs/c1_closeout.md","a519a8f","Failure classification table (zero-GPU, frozen 0.2). Four classes sum to 47. Corroborated by gitignored runs/phase8_c1/ms02/office_0_failure_classes.json counts. Doc's own NOTE: 'failure_class is the COMPOSITION-stage outcome — merged is assigned before raw viability is checked, so these counts are not proposal-coverage statistics.'"
"A09","Replica (Phase 8)","office_0","C1 / Mask3D @0.2 frozen ms02","failure attribution (composition-stage outcome)","failure class: merged","13","47","13","n/a","delivered","four-way partition","transfer/extension scene","docs/c1_closeout.md","a519a8f","Of these 13, exactly 1 had a viable individual raw mask (n_merged_with_viable_raw_proposal = 1, gitignored runs/phase8_c1/ms02/office_0_failure_classes.json); docs/c1_closeout.md names it (the desk organizer, raw IoU 0.824 -> dense 0.078) and states the 4-scene total of such objects is six."
"A10","Replica (Phase 8)","office_0","C1 / Mask3D @0.2 frozen ms02","failure attribution (composition-stage outcome)","failure class: lost_by_resolver","0","47","0","n/a","delivered","four-way partition","transfer/extension scene","docs/c1_closeout.md","a519a8f","Failure classification table."
"A11","Replica (Phase 8)","office_0","C1 / Mask3D @0.2 frozen ms02","failure attribution (composition-stage outcome)","failure class: no_raw_proposal","22","47","22","n/a","delivered","four-way partition","transfer/extension scene","docs/c1_closeout.md","a519a8f","Failure classification table."
"A12","Replica (Phase 8)","office_0","C1 / Mask3D raw masks (pre-composition), @0.2 bundle","raw proposal viability (orthogonal cut to the failure classes)","entities with a viable individual raw mask @ IoU 0.50","13","47","13/47","IoU >= 0.50, single raw mask","proposal_ceiling","vs delivered 12/47","transfer/extension scene","docs/c1_closeout.md","a519a8f","CEILING, NOT DELIVERED PERFORMANCE. Stated as 'Mask3D has a viable individual raw mask for 13/47, 20/53, 21/45, 53/194 entities (107/339 ~ 32%)'. Corroborated by gitignored runs/phase8_c1/ms02/office_0_failure_classes.json n_viable_raw_at_05 = 13, raw_proposal_recall_at_iou['0.5'] = 0.2765957446808511, n_viable_raw_not_recovered = 1."
"A13","Replica (Phase 8)","office_0","C1 arm on frozen Mask3D @0.2 (oracle labels + oracle structural surfaces INJECTED — evaluation-only isolation)","downstream QA: graph builder + Router vs the human-verified key","uid micro-P vs human key","—","—","null (0 cited)","n/a","identity_oracle","A (oracle boxes) 1.00; B 1.00","transfer/extension scene; key human_verified by project_owner 2026-08-01","docs/c1_p2_composer_protocol.md","32fb4ee","'Frozen QA anchors (uid micro metrics vs human keys)' table: office_0 C1 reference row = 'null (0 cited) / 0.00 / 0'. NOT A NUMBER — precision is undefined because C1 cites zero members on the only exhaustive relation. The C1 arm consumes oracle labels via exact vertex correspondence (runs/.../replica_office_0_c1_run.json isolation_statement: 'labels and structural surfaces were INJECTED from oracle data for C1 isolation; only instance boundaries are learned') — hence scope identity_oracle, not deployable."
"A14","Replica (Phase 8)","office_0","C1 arm on frozen Mask3D @0.2 (oracle labels + surfaces injected)","downstream QA vs human-verified key","uid micro-R vs human key","0","8","0.00","n/a","identity_oracle","A 0.375 (3/8); B 0.625 (5/8)","transfer/extension scene","docs/c1_p2_composer_protocol.md","32fb4ee","Value 0.00 from the Frozen QA anchors table. Denominator is directly determinable: office_0's human key has exactly ONE exhaustive relation family (ON_ENTITY_SURFACE) with 8 expected members total — tracked eval/questions/phase8/replica_office_0_qa.json (commit 4f38766), answer_key_type=human_verified. Gitignored runs/mvp_v0/replica_office_0_mvp.json states per_relation ON_ENTITY_SURFACE n_hit=0, n_expected=8, n_cited=0. docs/results_narrative.md (99d3899) notes 'office_0's C1/C2 are true zeros'."
"A15","Replica (Phase 8)","office_0","C1 arm on frozen Mask3D @0.2 (oracle labels + surfaces injected)","downstream QA vs human-verified key","support-answer hits (ON_ENTITY_SURFACE, exhaustive rows)","0","8","0","n/a","identity_oracle","A 3/8; B 5/8","transfer/extension scene","docs/c1_p2_composer_protocol.md","32fb4ee","The doc states the hit count as '0' with NO denominator. Denominator 8 taken from tracked eval/questions/phase8/replica_office_0_qa.json (Q05 'what is on the table?' 7 members + Q13 'what is on the plant-stand?' 1 member; all other ON_ENTITY_SURFACE rows have 0) and corroborated by n_expected=8 in gitignored runs/mvp_v0/replica_office_0_mvp.json. docs/c2_matched_labels_protocol.md: 'Against the office human key, C1 and C2 both have uid micro-R 0.0 and zero support hits'."
"A16","Replica (Phase 8)","office_0","C1 arm on frozen Mask3D @0.2","downstream QA — graph size","graph edges","103","—","103","n/a","identity_oracle","A 480; B 480","transfer/extension scene","runs/mvp_v0/replica_office_0_mvp.json","untracked (runs/ is gitignored); repo HEAD c8e200d","SOURCE NOT TRACKED (runs/ and data/ are gitignored). variants.C1.n_graph_edges = 103 (C2 identical). No tracked doc states office_0's edge count (docs/c1_m2c_protocol.md states edge counts only for room_2)."
"A17","Replica (Phase 8)","office_0","C1 arm on frozen Mask3D @0.2 (oracle labels injected)","downstream QA vs human-verified key","semantic citation (uid-correct citations that also carry the canonical label)","16","16","1.0 (16/16)","n/a","identity_oracle","C2 (learned labels) 0.3125 (5/16)","transfer/extension scene","docs/c2_matched_labels_protocol.md","4f38766","NOT A CAPABILITY MEASURE. The doc states C1 = 1.0 'by construction, which doubles as a scorer self-check' — C1 receives the oracle labels, so this row can only be 1.0. Denominator 16 = uid-correct citations, NOT the 47 GT entities and NOT the 8 exhaustive key members."
"A18","Replica (Phase 8)","office_0","C1 arm on frozen Mask3D @0.2 (oracle labels + surfaces injected)","downstream QA vs variant B (auto baseline, NOT the human key)","answer micro-recall vs B","—","—","0.40","n/a","identity_oracle","B = the reference answer set","transfer/extension scene","docs/c1_closeout.md","a519a8f","Headline table 'answer recall vs B' column. DIFFERENT KEY from the uid micro-R row above (B is a machine baseline, not the human key) — do not merge with A-office0-qa-uid-microR. Unrounded value in gitignored runs/phase8_c1/ms02/replica_office_0_c1_run.json: micro_recall_vs_B = 0.3953488372093023; companion micro_precision_vs_B = 0.85. docs/c1_m2c_protocol.md declares B-relative metrics disallowed for optimization."
"A19","Replica (Phase 8)","office_0","C1 arm on frozen Mask3D @0.2","downstream QA vs variant B","support-answer recall vs B","0","5","0.00 (0/5)","n/a","identity_oracle","B reference","transfer/extension scene","docs/c1_closeout.md","a519a8f","Headline table. Denominator 5 = n_support_answers_B. Recovery of the items ON supports, not of the supports themselves."
"A20","Replica (Phase 8)","office_0","C1 / Mask3D @0.2 frozen ms02","detection recall, support-owner class slice","support-OWNER recall @ IoU 0.50","7","7","1.00 (7)","IoU >= 0.50, classes {table, desk, shelf, counter, stool, bench, sofa, chair, plant-stand}","delivered","n/a","transfer/extension scene","docs/c1_closeout.md","a519a8f","Headline table 'support-OWNER R@0.5' column = 1.00 with 7 oracle owner objects. Doc's reading rule: this measures recovery of the SUPPORTING furniture, NOT the items on them. Corroborated by gitignored ms02 exact_eval support_owner.n_oracle_objects=7, recall_at_iou['0.5']=1.0 (['0.75']=0.8571428571428571)."
"A21","Replica (Phase 8)","room_1","C1 / Mask3D @0.2 frozen ms02","segmentation — dense assignment output","predicted instance count (ALL predictions, INCLUDING structural-matching ones)","26","—","26","score >= 0.2, min_vertices=20","delivered","n/a","named as the sealed M2C holdout in docs/c1_m2c_protocol.md, BUT docs/c1_p2_composer_protocol.md states 'No sealed scenes exist. All three banks and keys pre-date this protocol.'","docs/uncertainty_policy_prototype.md","fcc15ab","'hard nodes' = 26. Identical to n_pred_instances=26 in gitignored runs/phase8_c1/ms02/replica_room_1_exact_eval.json. NOT entity-only: 4 of the 26 pair with structural/dropped oracle classes."
"A22","Replica (Phase 8)","room_1","C1 / Mask3D @0.2 frozen ms02 (derived C1 eval bundle)","derived C1 eval bundle — entity artifacts","predicted ENTITY count in the delivered C1 bundle","22","—","22","score >= 0.2, min_vertices=20","delivered","n/a","see holdout caveat above","runs/mvp_v0/replica_room_1_mvp.json","untracked (runs/ is gitignored); repo HEAD c8e200d","SOURCE NOT TRACKED (runs/ and data/ are gitignored). variants.C1.n_entities = 22. Decomposition from runs/phase8_c1/ms02/replica_room_1_c1_run.json oracle_injection_summary: 22 label-injected + 0 unmatched anonymous; 4 removed as structural/dropped. NO TRACKED DOC STATES THIS NUMBER."
"A23","Replica (Phase 8)","room_1","C1 / Mask3D @0.2 frozen ms02","instance matching vs oracle","any-overlap greedy 1:1 matches, INCLUDING structural classes","26","55","26/55","any overlap (no IoU threshold)","delivered","n/a","see holdout caveat above","runs/phase8_c1/ms02/replica_room_1_exact_eval.json","untracked (runs/ is gitignored); repo HEAD c8e200d","SOURCE NOT TRACKED (runs/ and data/ are gitignored). n_matched = 26 against n_oracle_instances = 55. DENOMINATOR IS 55 ORACLE INSTANCES, NOT 45 entities. Criterion defined in tracked tools/c1_exact_eval.py (97ff382). No tracked doc reports 26."
"A24","Replica (Phase 8)","room_1","C1 / Mask3D @0.2 frozen ms02","instance matching vs oracle","any-overlap greedy matches restricted to ENTITY classes (no IoU threshold)","22","45","22","any overlap (no IoU threshold)","delivered","n/a","see holdout caveat above","eval/predictions/phase8_c2/replica_room_1_c2_labels.json","84e2d1b","label_accuracy.n_matched_entity_instances = 22; pinned to the frozen ms02 bundle by applies_to_bundle_output_sha256 = 737e0fd4…. docs/c2_matched_labels_protocol.md reports this as a 'matched entities' column = 22 WITHOUT naming a criterion — AMBIGUITY FLAGGED; criterion resolved from tools/c2_run.py. DO NOT read 22 as matches@IoU0.5 (that is 17), nor as the entity count in the graph (also 22, but a different quantity that happens to coincide here because room_1 has zero unmatched predictions)."
"A25","Replica (Phase 8)","room_1","C1 / Mask3D @0.2 frozen ms02","detection recall vs oracle entities","entity matches @ IoU 0.50","17","45","17/45 (0.38)","IoU >= 0.50","delivered","n/a","see holdout caveat above","docs/c1_closeout.md","a519a8f","Headline table. Also stated as 17/45 in docs/c1_p2_composer_protocol.md (32fb4ee). Unrounded ratio in the gitignored ms02 report: recall_at_iou['0.5'] = 0.37777777777777777."
"A26","Replica (Phase 8)","room_1","C1 / Mask3D @0.2 frozen ms02","detection recall vs oracle entities","entity matches @ IoU 0.25","19","45","19/45","IoU >= 0.25","delivered","n/a","see holdout caveat above","runs/phase8_c1/ms02/replica_room_1_exact_eval.json","untracked (runs/ is gitignored); repo HEAD c8e200d","SOURCE NOT TRACKED (runs/ and data/ are gitignored). n_entity_matches_at_iou['0.25'] = 19. No tracked doc reports it."
"A27","Replica (Phase 8)","room_1","C1 / Mask3D @0.2 frozen ms02","detection recall vs oracle entities","entity matches @ IoU 0.75","13","45","13/45","IoU >= 0.75","delivered","n/a","see holdout caveat above","runs/phase8_c1/ms02/replica_room_1_exact_eval.json","untracked (runs/ is gitignored); repo HEAD c8e200d","SOURCE NOT TRACKED (runs/ and data/ are gitignored). n_entity_matches_at_iou['0.75'] = 13."
"A28","Replica (Phase 8)","room_1","C1 / Mask3D @0.2 frozen ms02","failure attribution (composition-stage outcome)","failure class: recovered","17","45","17","IoU >= 0.50 for 'recovered'","delivered","four-way partition","see holdout caveat above","docs/c1_closeout.md","a519a8f","Failure classification table; four classes sum to 45. Composition-stage outcome, NOT proposal coverage (doc's own NOTE)."
"A29","Replica (Phase 8)","room_1","C1 / Mask3D @0.2 frozen ms02","failure attribution (composition-stage outcome)","failure class: merged","20","45","20","n/a","delivered","four-way partition","see holdout caveat above","docs/c1_closeout.md","a519a8f","Of these 20, 4 had a viable individual raw mask (n_merged_with_viable_raw_proposal = 4, gitignored runs/phase8_c1/ms02/room_1_failure_classes.json)."
"A30","Replica (Phase 8)","room_1","C1 / Mask3D @0.2 frozen ms02","failure attribution (composition-stage outcome)","failure class: lost_by_resolver","0","45","0","n/a","delivered","four-way partition","see holdout caveat above","docs/c1_closeout.md","a519a8f","Failure classification table."
"A31","Replica (Phase 8)","room_1","C1 / Mask3D @0.2 frozen ms02","failure attribution (composition-stage outcome)","failure class: no_raw_proposal","8","45","8","n/a","delivered","four-way partition","see holdout caveat above","docs/c1_closeout.md","a519a8f","Failure classification table."
"A32","Replica (Phase 8)","room_1","C1 / Mask3D raw masks (pre-composition), @0.2 bundle","raw proposal viability","entities with a viable individual raw mask @ IoU 0.50","21","45","21/45","IoU >= 0.50, single raw mask","proposal_ceiling","vs delivered 17/45","see holdout caveat above","docs/c1_closeout.md","a519a8f","CEILING, NOT DELIVERED. Also stated as the room_1 baseline '21/45' in docs/c1_p1_multiview_proposals_protocol.md (f5737dd, gate H2). Corroborated by gitignored room_1_failure_classes.json n_viable_raw_at_05 = 21, raw_proposal_recall_at_iou['0.5'] = 0.4666666666666667, n_viable_raw_not_recovered = 4. CAUTION: docs/selector_v0_results.md reports 'room_1 | 406 | 13/45' — that is the SAM P1 proposal bank's own ceiling, a DIFFERENT ARM, not Mask3D."
"A33","Replica (Phase 8)","room_1","C1 arm on frozen Mask3D @0.2 (oracle labels + surfaces injected)","downstream QA vs human-verified key","uid micro-P vs human key","—","—","0.5714","n/a","identity_oracle","A 0.8333; B 0.90","key human_verified by project_owner 2026-07-31; see holdout caveat above","docs/c1_p2_composer_protocol.md","32fb4ee","'Frozen QA anchors' table: room_1 C1 reference = '0.5714 / 0.1143 / 0'. Also 0.571 in docs/c2_matched_labels_protocol.md and 0.57 in docs/mvp_walkthrough.md (6a83c06). Numerator/denominator NOT stated in any artifact as a fraction; the gitignored runs/mvp_v0/replica_room_1_mvp.json per_relation gives n_cited = 1 (ATTACHED_TO) + 1 (CONTACTS_SURFACE) + 0 (ON_ENTITY_SURFACE) + 5 (SUPPORTS_FLOOR) and n_hit = 0/0/0/4."
"A34","Replica (Phase 8)","room_1","C1 arm on frozen Mask3D @0.2 (oracle labels + surfaces injected)","downstream QA vs human-verified key","uid micro-R vs human key","—","—","0.1143","n/a","identity_oracle","A 0.2857; B 0.2571","see above","docs/c1_p2_composer_protocol.md","32fb4ee","Value 0.1143 ('0.114' in docs/c2_matched_labels_protocol.md, '0.11' in docs/mvp_walkthrough.md). NO ARTIFACT STATES THE AGGREGATE FRACTION. Per-relation expected members in the tracked key eval/questions/phase8/replica_room_1_qa.json (e4d3712): SUPPORTS_FLOOR 7, CONTACTS_SURFACE 6, ATTACHED_TO 8, ON_ENTITY_SURFACE 14; per-relation hits from gitignored runs/mvp_v0/replica_room_1_mvp.json: 4, 0, 0, 0. Denominator left as '—' rather than summing, per the no-reconstruction rule."
"A35","Replica (Phase 8)","room_1","C1 arm on frozen Mask3D @0.2","downstream QA vs human-verified key","support-answer hits (ON_ENTITY_SURFACE)","0","14","0","n/a","identity_oracle","A 0/14; B 0/14","see above","docs/c1_p2_composer_protocol.md","32fb4ee","Hit count '0' stated with NO denominator. Denominator 14 from the tracked key (Q14 bed 8 + Q15 nightstand 2 + Q16 cabinet 4) and corroborated by n_expected=14 in gitignored runs/mvp_v0/replica_room_1_mvp.json. docs/c2_matched_labels_protocol.md: room_1's support answers 'were already blocked by the allowlist gap' — variant A also scores 0/14, so this is a representation limit, not a segmentation loss."
"A36","Replica (Phase 8)","room_1","C1 arm on frozen Mask3D @0.2","downstream QA vs human-verified key","floor hits (SUPPORTS_FLOOR)","4","7","4/7 (precision 0.8, 5 cited)","n/a","identity_oracle","A 6/7; B 6/7","see above","runs/mvp_v0/replica_room_1_mvp.json","untracked (runs/ is gitignored); repo HEAD c8e200d","SOURCE NOT TRACKED (runs/ and data/ are gitignored). per_relation.SUPPORTS_FLOOR = {n_cited 5, n_expected 7, n_hit 4, precision 0.8, recall 0.5714}. Denominator 7 corroborated by tracked eval/questions/phase8/replica_room_1_qa.json Q01. NO TRACKED DOC reports room_1's floor hits (docs/c1_m2c_protocol.md reports the floor column for room_2 only)."
"A37","Replica (Phase 8)","room_1","C1 arm on frozen Mask3D @0.2","downstream QA vs human-verified key","attached hits (ATTACHED_TO)","0","8","0/8 (1 cited)","2 cm ATTACHED_TO band","identity_oracle","A 1/8; B 1/8","see above","runs/mvp_v0/replica_room_1_mvp.json","untracked (runs/ is gitignored); repo HEAD c8e200d","SOURCE NOT TRACKED (runs/ and data/ are gitignored). per_relation.ATTACHED_TO = {n_cited 1, n_expected 8, n_hit 0, precision 0.0, recall 0.0}. Denominator 8 corroborated by tracked eval/questions/phase8/replica_room_1_qa.json Q04. docs/c1_composition_ceiling.md finding 5: attachment is a downstream-semantics limit — even oracle-box variant A scores ~1/14 on room_2."
"A38","Replica (Phase 8)","room_1","C1 arm on frozen Mask3D @0.2","downstream QA vs human-verified key","against-the-wall hits (CONTACTS_SURFACE)","0","6","0/6 (1 cited)","n/a","identity_oracle","A 3/6; B 2/6","see above","runs/mvp_v0/replica_room_1_mvp.json","untracked (runs/ is gitignored); repo HEAD c8e200d","SOURCE NOT TRACKED (runs/ and data/ are gitignored). per_relation.CONTACTS_SURFACE = {n_cited 1, n_expected 6, n_hit 0}. Denominator 6 corroborated by tracked eval/questions/phase8/replica_room_1_qa.json Q02. No tracked doc reports this."
"A39","Replica (Phase 8)","room_1","C1 arm on frozen Mask3D @0.2","downstream QA — graph size","graph edges","114","—","114","n/a","identity_oracle","A 392; B 385","see above","runs/mvp_v0/replica_room_1_mvp.json","untracked (runs/ is gitignored); repo HEAD c8e200d","SOURCE NOT TRACKED (runs/ and data/ are gitignored). variants.C1.n_graph_edges = 114 (C2 identical). No tracked doc states it."
"A40","Replica (Phase 8)","room_1","C1 arm on frozen Mask3D @0.2 (oracle labels injected)","downstream QA vs human-verified key","semantic citation","12","12","1.00 (12/12)","n/a","identity_oracle","C2 (learned labels) 0.500 (6/12)","see above","docs/c2_matched_labels_protocol.md","4f38766","C1 = 1.0 BY CONSTRUCTION (scorer self-check), per the doc. Denominator 12 = uid-correct citations."
"A41","Replica (Phase 8)","room_1","C1 arm on frozen Mask3D @0.2","downstream QA vs variant B (NOT the human key)","answer micro-recall vs B","—","—","0.42","n/a","identity_oracle","B = reference answer set","see above","docs/c1_closeout.md","a519a8f","Headline table 'answer recall vs B'. Unrounded in gitignored runs/phase8_c1/ms02/replica_room_1_c1_run.json: micro_recall_vs_B = 0.42424242424242425; micro_precision_vs_B = 0.875. DO NOT confuse with the human-key uid micro-R of 0.1143 — different key, different denominator."
"A42","Replica (Phase 8)","room_1","C1 arm on frozen Mask3D @0.2","downstream QA vs variant B","support-answer recall vs B","—","0","n/a (0 owners)","n/a","identity_oracle","B reference","see above","docs/c1_closeout.md","a519a8f","Stated as 'n/a (0 owners)'. NOT A ZERO — room_1 has no support-owner objects, so the metric is undefined. Corroborated by n_support_answers_B = 0 and support_answer_recall_vs_B = null in the gitignored ms02 c1_run report."
"A43","Replica (Phase 8)","room_1","C1 / Mask3D @0.2 frozen ms02","detection recall, support-owner class slice","support-OWNER recall @ IoU 0.50","—","0","n/a","IoU >= 0.50","delivered","n/a","see above","docs/c1_closeout.md","a519a8f","Stated 'n/a'. UNDEFINED, NOT ZERO: the tracked evaluator tools/c1_exact_eval.py returns None for an empty id set by design ('a scene with zero support-owner objects has no recall, not a recall of 0'). Gitignored ms02 exact_eval: support_owner.n_oracle_objects = 0, recall_at_iou all null."
"A44","Replica (Phase 8)","room_2","C1 / Mask3D @0.2 frozen ms02","segmentation — dense assignment output","predicted instance count (ALL predictions, INCLUDING structural-matching ones)","23","—","23","score >= 0.2, min_vertices=20","delivered","n/a","DEVELOPMENT scene for C1-M2, C1-M2C and C1-P2","docs/uncertainty_policy_prototype.md","fcc15ab","'hard nodes' = 23. Identical to n_pred_instances=23 in gitignored runs/phase8_c1/ms02/replica_room_2_exact_eval.json. NOT entity-only: 1 of the 23 pairs with a structural/dropped oracle class."
"A45","Replica (Phase 8)","room_2","C1 / Mask3D @0.2 frozen ms02 (derived C1 eval bundle)","derived C1 eval bundle — entity artifacts","predicted ENTITY count in the delivered C1 bundle","22","—","22","score >= 0.2, min_vertices=20","delivered","n/a","development scene","runs/mvp_v0/replica_room_2_mvp.json","untracked (runs/ is gitignored); repo HEAD c8e200d","SOURCE NOT TRACKED (runs/ and data/ are gitignored). variants.C1.n_entities = 22. Decomposition from runs/phase8_c1/ms02/replica_room_2_c1_run.json oracle_injection_summary: 21 label-injected + 1 unmatched anonymous; 1 removed as structural/dropped. NO TRACKED DOC STATES THIS NUMBER."
"A46","Replica (Phase 8)","room_2","C1 / Mask3D @0.2 frozen ms02","instance matching vs oracle","any-overlap greedy 1:1 matches, INCLUDING structural classes","22","61","22/61","any overlap (no IoU threshold)","delivered","n/a","development scene","runs/phase8_c1/ms02/replica_room_2_exact_eval.json","untracked (runs/ is gitignored); repo HEAD c8e200d","SOURCE NOT TRACKED (runs/ and data/ are gitignored). n_matched = 22 against n_oracle_instances = 61. DENOMINATOR IS 61 ORACLE INSTANCES, NOT 53 entities. No tracked doc reports 22 as a match count."
"A47","Replica (Phase 8)","room_2","C1 / Mask3D @0.2 frozen ms02","instance matching vs oracle","any-overlap greedy matches restricted to ENTITY classes (no IoU threshold)","21","53","21","any overlap (no IoU threshold)","delivered","n/a","development scene","eval/predictions/phase8_c2/replica_room_2_c2_labels.json","84e2d1b","label_accuracy.n_matched_entity_instances = 21; pinned to the frozen ms02 bundle by applies_to_bundle_output_sha256 = 2d994fbf…. docs/c2_matched_labels_protocol.md reports it as 'matched entities | 21' WITHOUT naming a criterion — AMBIGUITY FLAGGED. COINCIDENCE TRAP: room_2's entity matches @ IoU 0.25 is ALSO 21; the two are different measurements that happen to agree here. Matches @ IoU 0.50 is 18."
"A48","Replica (Phase 8)","room_2","C1 / Mask3D @0.2 frozen ms02","detection recall vs oracle entities","entity matches @ IoU 0.50","18","53","18/53 (0.34)","IoU >= 0.50","delivered","Segment3D delivered @0.2 = 17/53","development scene","docs/c1_closeout.md","a519a8f","Headline table. Same figure in docs/c1_m2_protocol.md (75960d2), docs/c1_m2c_protocol.md (98b73eb), docs/c1_composition_ceiling.md (98b73eb), docs/c1_p2_composer_protocol.md (32fb4ee) and docs/arkitscenes_mask3d_contract.md ('18/53 = 34%'). Unrounded ratio in the gitignored ms02 report: 0.33962264150943394."
"A49","Replica (Phase 8)","room_2","C1 / Mask3D @0.2 frozen ms02","detection recall vs oracle entities","entity matches @ IoU 0.25","21","53","21/53","IoU >= 0.25","delivered","n/a","development scene","runs/phase8_c1/ms02/replica_room_2_exact_eval.json","untracked (runs/ is gitignored); repo HEAD c8e200d","SOURCE NOT TRACKED (runs/ and data/ are gitignored). n_entity_matches_at_iou['0.25'] = 21. No tracked doc reports it. Numerically equal to the entity-only any-overlap match count (21) — distinct metrics."
"A50","Replica (Phase 8)","room_2","C1 / Mask3D @0.2 frozen ms02","detection recall vs oracle entities","entity matches @ IoU 0.75","15","53","15/53","IoU >= 0.75","delivered","n/a","development scene","runs/phase8_c1/ms02/replica_room_2_exact_eval.json","untracked (runs/ is gitignored); repo HEAD c8e200d","SOURCE NOT TRACKED (runs/ and data/ are gitignored). n_entity_matches_at_iou['0.75'] = 15."
"A51","Replica (Phase 8)","room_2","C1 / Mask3D @0.2 frozen ms02","failure attribution (composition-stage outcome)","failure class: recovered","18","53","18","IoU >= 0.50 for 'recovered'","delivered","four-way partition","development scene","docs/c1_closeout.md","a519a8f","Failure classification table; four classes sum to 53. Composition-stage outcome, NOT proposal coverage."
"A52","Replica (Phase 8)","room_2","C1 / Mask3D @0.2 frozen ms02","failure attribution (composition-stage outcome)","failure class: merged","22","53","22","n/a","delivered","four-way partition","development scene","docs/c1_closeout.md","a519a8f","Of these 22, 1 had a viable individual raw mask (n_merged_with_viable_raw_proposal = 1, gitignored runs/phase8_c1/ms02/room_2_failure_classes.json)."
"A53","Replica (Phase 8)","room_2","C1 / Mask3D @0.2 frozen ms02","failure attribution (composition-stage outcome)","failure class: lost_by_resolver","1","53","1","n/a","delivered","four-way partition","development scene","docs/c1_closeout.md","a519a8f","Failure classification table. room_2 is the only one of the three scenes with a non-zero resolver loss."
"A54","Replica (Phase 8)","room_2","C1 / Mask3D @0.2 frozen ms02","failure attribution (composition-stage outcome)","failure class: no_raw_proposal","12","53","12","n/a","delivered","four-way partition","development scene","docs/c1_closeout.md","a519a8f","Failure classification table. docs/c1_m2_protocol.md (75960d2) records a correction: an earlier paragraph 'over-read no_raw_proposal=1 as ""52/53 viable""' — that reading was wrong."
"A55","Replica (Phase 8)","room_2","C1 / Mask3D raw masks (pre-composition), @0.2 bundle","raw proposal viability","entities with a viable individual raw mask @ IoU 0.50","20","53","20/53","IoU >= 0.50, single raw mask","proposal_ceiling","Segment3D 30/53; vs Mask3D delivered 18/53","development scene","docs/c1_closeout.md","a519a8f","CEILING, NOT DELIVERED. Also stated in docs/c1_m2_protocol.md ('entities with a viable individual raw mask | 20/53') and docs/c1_p1_multiview_proposals_protocol.md ('Mask3D's 20/53 viable raw masks'). 'Mask3D wastes 2' viable masks in composition (n_viable_raw_not_recovered = 2)."
"A56","Replica (Phase 8)","room_2","C1 / Mask3D @0.2 saved raw masks, ORACLE-GUIDED selection","composition ceiling (stage 0, oracle-guided diagnostic)","entity recall @ IoU 0.50, best-single-mask selection ceiling","20","53","0.38 (20/53)","IoU >= 0.50","proposal_ceiling","Mask3D delivered 0.34 (18/53); Segment3D best-single 0.57 (30/53)","development scene","docs/c1_composition_ceiling.md","98b73eb","ORACLE-GUIDED ACHIEVABILITY BOUND — the doc states it is 'a diagnostic, not a composer and not a deployable result'. Do not quote as delivered performance."
"A57","Replica (Phase 8)","room_2","C1 / Mask3D @0.2 saved raw masks, ORACLE-GUIDED greedy union","composition ceiling (stage 0, oracle-guided diagnostic)","entity recall @ IoU 0.50, greedy union ceiling (<=2, <=3, and unlimited <=8 all identical)","—","53","0.38","IoU >= 0.50; unions of 2, 3, and up to 8 masks","proposal_ceiling","best single mask 0.38; delivered 0.34","development scene","docs/c1_composition_ceiling.md","98b73eb","ORACLE-GUIDED. The table gives 0.38 for all three union rows without restating the fraction. Doc's finding: 'Unions add ZERO recall at IoU 0.5 on both backends.' 171 saved Mask3D masks."
"A58","Replica (Phase 8)","room_2","C1 / Mask3D @0.2, ORACLE-GUIDED joint selection materialized through the frozen resolver","joint + task-level ceiling (stage 0b)","entity matches @ IoU 0.50, Mask3D joint ceiling","19","53","19/53","IoU >= 0.50","proposal_ceiling","Mask3D delivered 18/53; Segment3D joint ceiling 30/53","development scene","docs/c1_m2c_protocol.md","98b73eb","ORACLE-GUIDED CEILING. The same anchors table gives the Mask3D joint-ceiling QA row as micro-P 1.00 / micro-R 0.24 / support 2/20 / floor 10/13 / edges 108 — i.e. IDENTICAL QA to Mask3D delivered despite +1 entity. Note this 19/53 differs from the stage-0 best-single-mask 20/53 (different measurement: joint materialization through the resolver vs per-entity optimum)."
"A59","Replica (Phase 8)","room_2","C1 arm on frozen Mask3D @0.2 (oracle labels + surfaces injected)","downstream QA vs human-verified key","uid micro-P vs human key","—","—","1.00","n/a","identity_oracle","A 0.95; Segment3D delivered 0.53; Segment3D joint ceiling 0.93","development scene; key human_verified by project_owner 2026-07-31","docs/c1_m2c_protocol.md","98b73eb","'Mask3D delivered @0.2 (reference backend)' row. Same 1.00 in docs/c1_p2_composer_protocol.md, docs/c2_matched_labels_protocol.md, docs/results_narrative.md and docs/mvp_walkthrough.md. No artifact states the underlying fraction; gitignored runs/mvp_v0/replica_room_2_mvp.json gives per-relation n_cited 0/0/2/10 and n_hit 0/0/2/10."
"A60","Replica (Phase 8)","room_2","C1 arm on frozen Mask3D @0.2 (oracle labels + surfaces injected)","downstream QA vs human-verified key","uid micro-R vs human key","—","49","0.2449","n/a","identity_oracle","A 0.4082 (representational ceiling); Segment3D delivered 0.18; joint ceiling 0.29; C1-P2 oracle ceiling 0.2653","development scene","docs/c1_p2_composer_protocol.md","32fb4ee","Stated as 0.2449 in the 'Frozen QA anchors' table and the P2.0 results table; ROUNDED to 0.24 in docs/c1_m2c_protocol.md and docs/results_narrative.md, to 0.245 in docs/c2_matched_labels_protocol.md. Denominator 49 is explicitly stated in docs/c1_composition_ceiling.md (98b73eb): 'QA micro-P/R over the exhaustive answer questions of eval/questions/phase8/replica_room_2_qa.json; 49 expected members total'. Numerator not stated as an integer anywhere."
"A61","Replica (Phase 8)","room_2","C1 arm on frozen Mask3D @0.2","downstream QA vs human-verified key","support-answer hits (ON_ENTITY_SURFACE)","2","20","2/20","n/a","identity_oracle","A 5/20; Segment3D delivered 2/20; Segment3D joint ceiling 5/20; C1-P2 oracle ceiling 3/20","development scene","docs/c1_m2c_protocol.md","98b73eb","Denominator 20 corroborated by tracked eval/questions/phase8/replica_room_2_qa.json (Q05 table 5 + Q07 shelf 15). docs/c1_composition_ceiling.md finding 3: the other 15 support answers are lost to downstream representation (AABB/allowlist semantics), not to segmentation — variant A also reaches only 5/20."
"A62","Replica (Phase 8)","room_2","C1 arm on frozen Mask3D @0.2","downstream QA vs human-verified key","floor hits (SUPPORTS_FLOOR)","10","13","10/13","n/a","identity_oracle","A 13/13; Segment3D delivered 7/13; Segment3D joint ceiling 9/13","development scene","docs/c1_m2c_protocol.md","98b73eb","Same value in docs/c1_p2_composer_protocol.md. Denominator 13 corroborated by tracked eval/questions/phase8/replica_room_2_qa.json Q01 and by n_expected=13 in gitignored runs/mvp_v0/replica_room_2_mvp.json (which also gives n_cited=10, precision 1.0)."
"A63","Replica (Phase 8)","room_2","C1 arm on frozen Mask3D @0.2","downstream QA vs human-verified key","attached hits (ATTACHED_TO)","0","14","0/14","2 cm ATTACHED_TO band","identity_oracle","A 1/14; Segment3D delivered 0/14; joint ceiling 0/14; C1-P2 oracle ceiling 0/14","development scene","docs/c1_p2_composer_protocol.md","32fb4ee","C1 reference row of the P2.0 table. docs/c1_composition_ceiling.md finding 5: 'Attachment is not a segmentation problem' — even oracle-box variant A scores 1/14. Denominator 14 corroborated by tracked eval/questions/phase8/replica_room_2_qa.json Q04."
"A64","Replica (Phase 8)","room_2","C1 arm on frozen Mask3D @0.2","downstream QA — graph size","graph edges","127","—","127","n/a","identity_oracle","A 518; Segment3D delivered 645; Segment3D joint ceiling 203; Mask3D joint ceiling 108","development scene","docs/c1_m2c_protocol.md","98b73eb","'Measured anchors' table, Mask3D delivered @0.2 row."
"A65","Replica (Phase 8)","room_2","C1 arm on frozen Mask3D @0.2 (oracle labels injected)","downstream QA vs human-verified key","semantic citation","23","23","1.00 (23/23)","n/a","identity_oracle","C2 (learned labels) 0.619 (13/21)","development scene","docs/c2_matched_labels_protocol.md","4f38766","C1 = 1.0 BY CONSTRUCTION (scorer self-check). Denominator 23 = uid-correct citations; NOTE the C2 row's denominator is 21, not 23 — different denominators, do not compare the fractions directly."
"A66","Replica (Phase 8)","room_2","C1 arm on frozen Mask3D @0.2","downstream QA vs variant B (NOT the human key)","answer micro-recall vs B","—","—","0.39","n/a","identity_oracle","B = reference answer set","development scene","docs/c1_closeout.md","a519a8f","Headline table. Unrounded in gitignored runs/phase8_c1/ms02/replica_room_2_c1_run.json: micro_recall_vs_B = 0.38596491228070173; micro_precision_vs_B = 0.9565217391304348. DIFFERENT KEY from the 0.2449 human-key uid micro-R."
"A67","Replica (Phase 8)","room_2","C1 arm on frozen Mask3D @0.2","downstream QA vs variant B","support-answer recall vs B","1","6","0.17 (1/6)","n/a","identity_oracle","B reference","development scene","docs/c1_closeout.md","a519a8f","Headline table. Denominator 6 = n_support_answers_B. DISTINCT from the human-key support hits 2/20 — different key AND different denominator; do not merge."
"A68","Replica (Phase 8)","room_2","C1 / Mask3D @0.2 frozen ms02","detection recall, support-owner class slice","support-OWNER recall @ IoU 0.50","10","10","1.00 (10)","IoU >= 0.50, classes {table, desk, shelf, counter, stool, bench, sofa, chair, plant-stand}","delivered","n/a","development scene","docs/c1_closeout.md","a519a8f","Headline table. Measures recovery of the SUPPORTING furniture only, NOT the items on them. Corroborated by gitignored ms02 exact_eval support_owner.n_oracle_objects=10, recall_at_iou['0.5']=1.0 (['0.75']=0.9)."
"A69","Replica (Phase 8)","office_0 + room_1 + room_2 + frl_apartment_0 (range across the four C1 scenes; NOT a per-scene value)","C1 / Mask3D @0.2 frozen ms02","instance matching vs oracle — boundary quality of matched instances","median matched IoU (range across four scenes)","—","—","0.80–0.89","n/a","delivered","n/a","mixed (all four C1 scenes)","docs/c1_closeout.md","a519a8f","THE ONLY MEDIAN-IoU FIGURE STATED ANYWHERE. Quoted verbatim: 'Matched-instance boundary quality is high (median matched IoU 0.80–0.89) but describes only the found objects; it does not offset the missing tail.' The source does NOT say (a) which scene contributes which endpoint, (b) whether the median is over all any-overlap matches or entity-only matches, or (c) which operating point. Per-scene medians are NOT persisted: tools/c1_exact_eval.py computes np.median over report['matches'] but only prints it to stdout — it is absent from every JSON report. See the 'unavailable' entries."
"A70","Replica (Phase 8)","office_0","C2 arm — SAME frozen Mask3D @0.2 instances, zero-shot CLIP learned labels (evaluation-only)","downstream QA vs human-verified key","semantic citation","5","16","0.3125 (5/16)","n/a","identity_oracle","C1 (oracle labels) 1.0 (16/16)","transfer measurement, run once after C2 optimization was stopped","docs/c2_matched_labels_protocol.md","4f38766","Included because C2 shares the IDENTICAL frozen ms02 instance boundaries and appears in the same tables as the C1 rows. C2 uid micro-R on office_0 is 0.0 and support hits 0 — identical to C1, because C1 coverage already removed the relevant answers. C2 label top-1 = 0.250 (4/16); support-slice top-1 = 0.286 (2/7)."
"A71","Replica (Phase 8)","room_1","C2 arm — SAME frozen Mask3D @0.2 instances, CLIP learned labels (evaluation-only)","downstream QA vs human-verified key","semantic citation","6","12","0.500 (6/12)","n/a","identity_oracle","C1 (oracle labels) 1.00 (12/12)","see room_1 holdout caveat","docs/c2_matched_labels_protocol.md","4f38766","C2 uid micro-P/R on room_1 are identical to C1 (0.571 / 0.114). The doc warns: room_1's 'zero downstream delta' is a MEMBERSHIP statement only — 'half of its uid-correct citations verbalize a wrong label'. C2 label top-1 = 0.500 (11/22)."
"A72","Replica (Phase 8)","room_2","C2 arm — SAME frozen Mask3D @0.2 instances, CLIP learned labels (evaluation-only)","downstream QA vs human-verified key","uid micro-R vs human key","—","49","0.204","n/a","identity_oracle","C1 (oracle labels) 0.245","development scene","docs/c2_matched_labels_protocol.md","4f38766","C2 support hits drop to 0 (C1: 2). Doc's cause: 'room_2's shelf misread as ""vent"" removed the shelf as a support anchor, erasing both support hits (R 0.245 -> 0.204)'. Semantic citation 0.619 (13/21); label top-1 0.571 (12/21); support-slice top-1 0.90 (9/10). Denominator 49 as for the C1 row."
"B01","Replica","room_2","Mask3D raw masks from the frozen ms02 bundle (OpenMask3D 3bc3fc52 mask stage, MIN_SCORE=0.2, min_vertices=20); 171 raw masks","proposal bank, pre-composition; oracle-evaluated best-single-proposal ceiling","oracle entities with at least one viable single proposal at vertex IoU >= 0.50","20","53","20/53","vertex IoU >= 0.50, best single proposal (no union, no composition)","proposal_ceiling","room_2 @IoU0.50, denominator 53 non-structural oracle entities","development scene; frozen anchor declared in the protocol BEFORE any P1 inference, and hard-asserted by the evaluator at run time","docs/c1_p1_multiview_proposals_protocol.md","f5737dd","CLAIM VERIFIED (claimed 20/53). Stated in the protocol's 'Frozen anchors' table (line 38) and in G1's parenthetical (line 166). Independently corroborated by docs/c1_closeout.md line 71 ('a viable individual raw mask for 13/47, 20/53, 21/45, 53/194 entities', schema v2) and docs/c1_composition_ceiling.md line 31 ('best single mask (selection) 0.38 (20/53)'). The primary_source_artifact .md IS git-tracked at f5737dd; source_is_tracked=false is set per the source-precedence rule because the machine-generated report is gitignored: runs/phase8_c1p1/replica_room_2_eval.json (field viable_mask3d: 20), matched by .gitignore:12 'runs/'. No committed JSON report of this number exists anywhere in the repo (eval/ contains none). Denominator 53 = oracle entities whose class is not in STRUCTURAL_OR_DROPPED = (floor, wall, ceiling, undefined, non-plane, plane), per tools/c1_exact_eval.py:55 and tools/c1p1_eval.py:99. DO NOT confuse with Mask3D's DELIVERED room_2 number 18/53 (docs/c1_closeout.md line 44) - that is a different scope."
"B02","Replica","room_2","C1-P1 alone: SAM 2.1 Hiera-L automatic masks over 40 fixed gravity-aligned point-splat renders, lifted via per-pixel vertex-id buffers, fused by cross-view co-membership over raw-mesh edges; bank of 534 proposals","proposal bank, pre-composition; oracle-evaluated best-single-proposal ceiling","oracle entities with at least one viable single proposal at vertex IoU >= 0.50","25","53","25/53","vertex IoU >= 0.50, best single proposal (no union, no composition)","proposal_ceiling","room_2 @IoU0.50, denominator 53 non-structural oracle entities","development scene; generator settings frozen in advance (protocol drafted 7f04137, preparation freeze with checkpoint sha f373791, both BEFORE the Stage-1 verdict commit 6268de3)","docs/c1_p1_multiview_proposals_protocol.md","f5737dd","CLAIM VERIFIED (claimed 25/53). Stated in the Stage-1 verdict table line 234: 'G1 pooled viable @0.5 | >= 30/53 | 33/53 (Mask3D 20, P1 alone 25)'. Independently corroborated by two other tracked docs: docs/selector_v0_results.md line 76 (P1 bank, room_2 dev, n=534, ceiling 25/53) and docs/arkitscenes_mask_coverage_protocol.md line 173 and line 295 ('Replica 0.95 ceiling @IoU 0.50 = 25/53', 534 proposals, 46.5% occupied coverage). Machine-generated corroboration is gitignored: runs/phase8_c1p1/replica_room_2_eval.json field viable_p1_alone: 25. NOTE: P1-alone is REPORTED ONLY - no protocol gate is set on it (G1 gates pooled). This is an oracle-evaluated upper bound on a 534-proposal bank; nothing was ever composed or delivered from it."
"B03","Replica","room_2","Pooled = per-entity max(best IoU over Mask3D raw masks, best IoU over the P1 bank); 705 proposals total (534 P1 + 171 Mask3D raw)","proposal bank, pre-composition; oracle-evaluated best-single-proposal ceiling over the union of two banks","oracle entities with at least one viable single proposal at vertex IoU >= 0.50","33","53","33/53","vertex IoU >= 0.50, best single proposal from either bank (per-entity max; NOT a union of masks and NOT a composed assignment)","proposal_ceiling","room_2 @IoU0.50, denominator 53 non-structural oracle entities","development scene; gate G1 (>= 30/53) was predeclared before inference and passed at 33/53","docs/c1_p1_multiview_proposals_protocol.md","f5737dd","CLAIM VERIFIED (claimed 33/53). Stated at line 234 (Stage-1 verdict, G1 measured 33/53). Corroborated by docs/c1_p2_composer_protocol.md line 52 ('P1 pooled viable' = 33/53) and docs/selector_v0_results.md line 84 (pooled bank, n=705, ceiling 33/53). Gitignored corroboration: runs/phase8_c1p1/replica_room_2_eval.json field viable_pooled: 33. MECHANICS (tools/c1p1_eval.py:103-108): best_pool[o] = max(best_mask3d[o], best_p1[o]); viable iff >= 0.5. 13 newly viable entities vs Mask3D's 20 (n_new_viable: 13). ATTRIBUTION WARNING: the same 33/53 is framed two opposite ways in tracked docs - the C1-P1 protocol frames it as P1 raising 20/53 -> 33/53, while docs/arkitscenes_mask_coverage_protocol.md line 340 frames it as Mask3D (ScanNet-trained) contributing '+8 entities on Replica (25/53 -> 33/53 pooled)'. Both are arithmetically consistent with a per-entity max over the two banks; neither bank alone reaches 33/53. CEILING ONLY: docs/c1_p2_composer_protocol.md records that the downstream oracle-guided composition of this pooled bank materialized 31/53 entities and moved human-keyed QA recall only 0.2449 -> 0.2653, and Stage P2.1/P2.2 were CANCELLED. No QA number and no delivered entity count ever changed from this ceiling."
"B04","Replica","office_0","Mask3D raw masks from the frozen ms02 bundle (MIN_SCORE=0.2, min_vertices=20); 186 raw masks (inferred from pooled 521 minus P1 335 in docs/selector_v0_results.md - count itself not separately stated)","proposal bank, pre-composition; oracle-evaluated best-single-proposal ceiling","oracle entities with at least one viable single proposal at vertex IoU >= 0.50","13","47","13/47","vertex IoU >= 0.50, best single proposal","proposal_ceiling","office_0 @IoU0.50, denominator 47 non-structural oracle entities","transfer scene 1; frozen anchor declared in the protocol before any P1 inference and hard-coded as TRANSFER_BASELINES in tools/c1p1_eval.py:44, which raises 'frozen anchor drift' if the recomputed value differs (it did not)","docs/c1_p1_multiview_proposals_protocol.md","f5737dd","CLAIM VERIFIED (claimed 13/47). Stated in the 'Frozen anchors' table (line 39), gate H1 (line 187, 'baseline 13/47'), and the Stage-2 verdict table (line 266). Corroborated by docs/c1_closeout.md line 71 (viable individual raw mask for 13/47). Gitignored corroboration: runs/phase8_c1p1/replica_office_0_eval.json field viable_mask3d: 13. DO NOT confuse with office_0's DELIVERED 12/47 (docs/c1_closeout.md line 43) - same denominator, different scope. The mask count 186 in system_arm is arithmetic I did from two stated proposal counts and is NOT stated in any source; treat it as unverified."
"B05","Replica","office_0","C1-P1 alone: identical frozen generator (40 renders, SAM 2.1 Hiera-L, same fusion cuts); bank of 335 proposals","proposal bank, pre-composition; oracle-evaluated best-single-proposal ceiling","oracle entities with at least one viable single proposal at vertex IoU >= 0.50","12","47","12/47","vertex IoU >= 0.50, best single proposal","proposal_ceiling","office_0 @IoU0.50, denominator 47 non-structural oracle entities","transfer scene 1; run with NO code or parameter change from room_2 (protocol line 179-181, Stage-2 verdict line 257-259)","docs/selector_v0_results.md","5d20002","CLAIM VERIFIED (claimed 12/47), but NOT from the C1-P1 protocol - the Stage-2 verdict table (docs/c1_p1_multiview_proposals_protocol.md line 266) reports only pooled/baseline/delta and does NOT state P1-alone for the transfer scenes. The P1-alone value appears in docs/selector_v0_results.md line 78 ('P1 bank | office_0 | n=335 | ceiling 12/47'). Gitignored corroboration: runs/phase8_c1p1/replica_office_0_eval.json field viable_p1_alone: 12. IMPORTANT SCOPE FACT: on office_0, P1 ALONE (12/47) is LOWER than the Mask3D baseline (13/47). The pooled gain is a complementarity result, not P1 outperforming Mask3D. Any sentence of the form 'P1 raised coverage on office_0' is only true of the pooled bank."
"B06","Replica","office_0","Pooled = per-entity max(Mask3D raw, P1 bank); 521 proposals total","proposal bank, pre-composition; oracle-evaluated best-single-proposal ceiling over the union of two banks","oracle entities with at least one viable single proposal at vertex IoU >= 0.50","19","47","19/47","vertex IoU >= 0.50, best single proposal from either bank (per-entity max)","proposal_ceiling","office_0 @IoU0.50, denominator 47 non-structural oracle entities","transfer scene 1; predeclared gate H1 required improvement >= 5 over 13/47, measured +6","docs/c1_p1_multiview_proposals_protocol.md","f5737dd","CLAIM VERIFIED (claimed 19/47). Stated in the Stage-2 verdict table line 266: 'office_0 | 19/47 | 13/47 | +6 | 5 | 0.87 | 335 / 1.0 MB'. Corroborated by docs/c1_p2_composer_protocol.md line 53 and docs/selector_v0_results.md line 86 (pooled, n=521, ceiling 19/47). Gitignored corroboration: runs/phase8_c1p1/replica_office_0_eval.json viable_pooled: 19, n_new_viable: 6, n_new_in_key: 5, entity_evidence_coverage: 0.8723 (the doc rounds this to 0.87). The transfer verdict itself states this is 'prospective transfer under fixed settings, NOT sealed-holdout generalization' - office_0's human keys and frozen baselines pre-existed the protocol (line 194-196, 281-283)."
"B07","Replica","room_1","Mask3D raw masks from the frozen ms02 bundle (MIN_SCORE=0.2, min_vertices=20)","proposal bank, pre-composition; oracle-evaluated best-single-proposal ceiling","oracle entities with at least one viable single proposal at vertex IoU >= 0.50","21","45","21/45","vertex IoU >= 0.50, best single proposal","proposal_ceiling","room_1 @IoU0.50, denominator 45 non-structural oracle entities","transfer scene 2; frozen anchor declared before P1 inference and hard-asserted at run time (tools/c1p1_eval.py:44, TRANSFER_BASELINES 'replica_room_1': (21, 45))","docs/c1_p1_multiview_proposals_protocol.md","f5737dd","CLAIM VERIFIED (claimed 21/45). Stated in the 'Frozen anchors' table (line 40), gate H2 (line 188, 'baseline 21/45'), and the Stage-2 verdict table (line 267). Corroborated by docs/c1_closeout.md line 71. Gitignored corroboration: runs/phase8_c1p1/replica_room_1_eval.json viable_mask3d: 21. DO NOT confuse with room_1's DELIVERED 17/45 (docs/c1_closeout.md line 45)."
"B08","Replica","room_1","C1-P1 alone: identical frozen generator; bank of 406 proposals","proposal bank, pre-composition; oracle-evaluated best-single-proposal ceiling","oracle entities with at least one viable single proposal at vertex IoU >= 0.50","13","45","13/45","vertex IoU >= 0.50, best single proposal","proposal_ceiling","room_1 @IoU0.50, denominator 45 non-structural oracle entities","transfer scene 2; run with NO code or parameter change from room_2 or office_0","docs/selector_v0_results.md","5d20002","CLAIM VERIFIED (claimed 13/45), but NOT from the C1-P1 protocol - its Stage-2 verdict table does not state P1-alone for transfer scenes. Source is docs/selector_v0_results.md line 77 ('P1 bank | room_1 | n=406 | ceiling 13/45'). Gitignored corroboration: runs/phase8_c1p1/replica_room_1_eval.json viable_p1_alone: 13. IMPORTANT SCOPE FACT: on room_1, P1 ALONE (13/45) is far BELOW the Mask3D baseline (21/45). P1's value on both transfer scenes is complementarity inside the pooled max, not standalone coverage."
"B09","Replica","room_1","Pooled = per-entity max(Mask3D raw, P1 bank); 569 proposals total","proposal bank, pre-composition; oracle-evaluated best-single-proposal ceiling over the union of two banks","oracle entities with at least one viable single proposal at vertex IoU >= 0.50","26","45","26/45","vertex IoU >= 0.50, best single proposal from either bank (per-entity max)","proposal_ceiling","room_1 @IoU0.50, denominator 45 non-structural oracle entities","transfer scene 2; predeclared gate H2 required improvement >= 5 over 21/45, measured +5 (exactly at the gate)","docs/c1_p1_multiview_proposals_protocol.md","f5737dd","CLAIM VERIFIED (claimed 26/45). Stated in the Stage-2 verdict table line 267: 'room_1 | 26/45 | 21/45 | +5 | 3 | 0.98 | 406 / 1.1 MB'. Corroborated by docs/c1_p2_composer_protocol.md line 54 and docs/selector_v0_results.md line 85 (pooled, n=569, ceiling 26/45). Gitignored corroboration: runs/phase8_c1p1/replica_room_1_eval.json viable_pooled: 26, n_new_viable: 5, n_new_in_key: 3, entity_evidence_coverage: 0.9778 (doc rounds to 0.98). The +5 delta exactly meets gate H2's >= 5; the margin is zero."
"B10","Replica","room_2","C1-P1 alone, frozen 3x3-splat / stability_score_thresh=0.95 configuration; 534 proposals","proposal bank, pre-composition; oracle-evaluated best-single-proposal ceiling","oracle entities with at least one viable single proposal at vertex IoU >= 0.25","39","53","39/53","vertex IoU >= 0.25 (LOOSER than the protocol's 0.50 criterion)","proposal_ceiling","room_2 @IoU0.25, denominator 53 non-structural oracle entities","development scene; same frozen generator, measured later as the mandatory Replica anchor arm of the ARKitScenes M1 protocol (reported, not gated)","docs/arkitscenes_mask_coverage_protocol.md","49d51c0","NOT among the values you asked me to verify - included because it is a distinct measured C1-P1 proposal ceiling on room_2 at a DIFFERENT IoU threshold, and quoting it beside the 0.50 numbers would double-count. Stated in the anchor-arm table at line 295-296 ('Replica 0.95: ceiling @IoU 0.50 = 25/53, ceiling @IoU 0.25 = 39/53'). Gitignored corroboration: runs/arkitscenes_selector/replica_room_2_m1_anchor.stab085.json field baseline_3x3.ceiling_025 = 39. Never combine with the 0.50 rows."
"B11","Replica","room_2","C1-P1 alone with the SINGLE-VARIABLE change stability_score_thresh 0.95 -> 0.85 (all else identical); 97 proposals. NOT ADOPTED.","proposal bank, pre-composition; oracle-evaluated best-single-proposal ceiling","oracle entities with at least one viable single proposal at vertex IoU >= 0.50","7","53","7/53","vertex IoU >= 0.50; SAM stability_score_thresh = 0.85 instead of the frozen 0.95","proposal_ceiling","room_2 @IoU0.50, denominator 53 non-structural oracle entities","development scene, re-run as the mandatory anchor arm of a later protocol (2026-08-08); reported, not gated; the 0.85 pin was NOT adopted and every committed baseline artifact stands unchanged","docs/arkitscenes_mask_coverage_protocol.md","49d51c0","NOT among the values you asked me to verify - included because it is the direct evidence for how 'fixed in advance' the P1 settings actually are. Stated at line 293-300: at stability_score_thresh=0.85 room_2's ceiling COLLAPSES from 25/53 to 7/53 (and 39/53 -> 11/53 at IoU 0.25) while occupied-pixel coverage nearly doubles (46.5% -> 87.5%) and the bank shrinks 534 -> 97. The doc's own reading (lines 306-313): 'stability_score_thresh=0.95 was not a miscalibrated pin inherited carelessly. It is load-bearing, and for Replica it is close to optimal... The pin is not adopted.' Gitignored corroboration: runs/arkitscenes_selector/replica_room_2_m1_anchor.stab085.json (oracle_ceiling 0.50: 7, 0.25: 11, n_proposals: 97). This measurement post-dates the C1-P1 result by six days and could not have informed it."
"B12","Replica","room_2","C1-P1 alone with stability_score_thresh 0.85 (NOT ADOPTED); 97 proposals","proposal bank, pre-composition; oracle-evaluated best-single-proposal ceiling","oracle entities with at least one viable single proposal at vertex IoU >= 0.25","11","53","11/53","vertex IoU >= 0.25; SAM stability_score_thresh = 0.85 instead of the frozen 0.95","proposal_ceiling","room_2 @IoU0.25, denominator 53 non-structural oracle entities","development scene, anchor arm of a later protocol; reported, not gated; pin not adopted","docs/arkitscenes_mask_coverage_protocol.md","49d51c0","NOT among the values you asked me to verify. Stated at line 296 ('ceiling @IoU 0.25 | 39/53 | 11/53'). Gitignored corroboration: runs/arkitscenes_selector/replica_room_2_m1_anchor.stab085.json oracle_ceiling '0.25': 11. Pairs with the 7/53 row; do not mix with any IoU 0.50 row."
"C01","ARKitScenes Validation","pooled (41069021 + 41069025 + 41069042)","splat (three isolated point-splat renders of the instance alone; current shipped behaviour)","learned label stage — matched-instance classification (NOT detection, NOT QA)","matched-instance top-1 label accuracy","1","21","1/21","min_top1_score=0.28; top_k=3; match IoU>=0.50","oracle_free_component_eval","AreaC_pooled_top1","pooled across 1 development scene (41069021) and 2 held-out transfer scenes","docs/arkitscenes_rgb_label_results.md","c700df3","SCOPE: oracle_free_component_eval — the prediction path consumes no oracle and no human key, but the DENOMINATOR is instances already matched to an annotation box by the evaluator, so this is a component evaluation of the label stage and NOT end-to-end deployable performance. Reclassified from 'delivered' during the reconciliation pass. Stated verbatim as '| **pooled** | splat | **1/21** | **4/21** |'. This is the DELIVERED label stage: 'the RGB image source is not yet wired into tools/arkit_vertical_slice.py, which still labels from splats.' Denominator 21 = instances that Mask3D recovered at vertex IoU>=0.50 against annotation-box-derived vertex sets, i.e. an ORACLE-GEOMETRY-SELECTED subset. It is not a scene-level, detection, or per-annotation number. Untracked corroboration: runs/arkit_label_image_ab*/summary.json (gitignored) give 0/7, 1/9, 0/5, which sum to the stated 1/21."
"C02","ARKitScenes Validation","pooled (41069021 + 41069025 + 41069042)","rgb_tight (real capture RGB, context_pad=0.15, target not marked)","learned label stage — matched-instance classification (NOT detection, NOT QA)","matched-instance top-1 label accuracy","12","21","12/21","min_top1_score=0.28; top_k=3; match IoU>=0.50","oracle_free_component_eval","AreaC_pooled_top1","pooled across 1 development scene (41069021) and 2 held-out transfer scenes","docs/arkitscenes_rgb_label_results.md","c700df3","SCOPE: oracle_free_component_eval — the prediction path consumes no oracle and no human key, but the DENOMINATOR is instances already matched to an annotation box by the evaluator, so this is a component evaluation of the label stage and NOT end-to-end deployable performance. Reclassified from 'deployable' during the reconciliation pass. Stated verbatim as '| **pooled** | **rgb_tight** | **12/21** | **18/21** |'. VERIFIED. py line 150 marks an explicit 'ORACLE BOUNDARY: predictions are finalized on disk above'), It is also not yet shipped: the doc's own Limits say 'the RGB image source is not yet wired into tools/arkit_vertical_slice.py'. CAVEAT that must travel with this number: the 21 denominator is oracle-geometry-selected, so 12/21 is conditional on Mask3D having recovered the instance; per tracked docs the recovery was 7/18, 9/20 and 5/6 annotated entities. COLLISION WARNING: docs/c2_matched_labels_protocol.md:94 also contains the string '12/21' for Replica room_2 — a different dataset, vocabulary and experiment. Untracked corroboration: 5/7 + 5/9 + 2/5 in runs/arkit_label_image_ab*/summary.json (gitignored)."
"C03","ARKitScenes Validation","pooled (41069021 + 41069025 + 41069042)","splat","learned label stage — matched-instance classification","matched-instance top-3 label accuracy","4","21","4/21","top_k=3; match IoU>=0.50","oracle_free_component_eval","AreaC_pooled_top3","pooled across 1 development + 2 held-out transfer scenes","docs/arkitscenes_rgb_label_results.md","c700df3","SCOPE: oracle_free_component_eval — the prediction path consumes no oracle and no human key, but the DENOMINATOR is instances already matched to an annotation box by the evaluator, so this is a component evaluation of the label stage and NOT end-to-end deployable performance. Reclassified from 'delivered' during the reconciliation pass. Stated verbatim. VERIFIED. Per-scene contributions stated as 0/7, 4/9, 0/5."
"C04","ARKitScenes Validation","pooled (41069021 + 41069025 + 41069042)","rgb_tight","learned label stage — matched-instance classification","matched-instance top-3 label accuracy","18","21","18/21","top_k=3; match IoU>=0.50","oracle_free_component_eval","AreaC_pooled_top3","pooled across 1 development + 2 held-out transfer scenes","docs/arkitscenes_rgb_label_results.md","c700df3","SCOPE: oracle_free_component_eval — the prediction path consumes no oracle and no human key, but the DENOMINATOR is instances already matched to an annotation box by the evaluator, so this is a component evaluation of the label stage and NOT end-to-end deployable performance. Reclassified from 'deployable' during the reconciliation pass. Stated verbatim. VERIFIED. Per-scene contributions stated as 7/7, 8/9, 3/5. top-3 is a RANKING metric, not what the product displays: only a top-1 clearing min_top1_score=0.28 becomes a display label."
"C05","ARKitScenes Validation","41069021","splat","learned label stage — matched-instance classification","matched-instance top-1 label accuracy","0","7","0/7","min_top1_score=0.28; match IoU>=0.50","oracle_free_component_eval","AreaC_41069021","development scene (labelled '(dev)' in the results table)","docs/arkitscenes_rgb_label_results.md","c700df3","SCOPE: oracle_free_component_eval — the prediction path consumes no oracle and no human key, but the DENOMINATOR is instances already matched to an annotation box by the evaluator, so this is a component evaluation of the label stage and NOT end-to-end deployable performance. Reclassified from 'delivered' during the reconciliation pass. Independent tracked corroboration: docs/arkit_vertical_slice_72h.md (commit c718c46) states the splat baseline as '0/7 and 0/7 on development'. The doc's claim 'Every splat row reproduces its committed baseline exactly' is therefore checkable and holds for this scene."
"C06","ARKitScenes Validation","41069021","splat","learned label stage — matched-instance classification","matched-instance top-3 label accuracy","0","7","0/7","top_k=3; match IoU>=0.50","oracle_free_component_eval","AreaC_41069021","development scene","docs/arkitscenes_rgb_label_results.md","c700df3","SCOPE: oracle_free_component_eval — the prediction path consumes no oracle and no human key, but the DENOMINATOR is instances already matched to an annotation box by the evaluator, so this is a component evaluation of the label stage and NOT end-to-end deployable performance. Reclassified from 'delivered' during the reconciliation pass. Corroborated by docs/arkit_vertical_slice_72h.md (c718c46). The tool docstring pre-declares this as the paired baseline: 'the paired dev baseline is 0/7 top-1 and 0/7 top-3 on geometry-matched instances. n=7. This is screening evidence; 2/7 could be noise.'"
"C07","ARKitScenes Validation","41069021","rgb_tight","learned label stage — matched-instance classification","matched-instance top-1 label accuracy","5","7","5/7","min_top1_score=0.28; match IoU>=0.50","oracle_free_component_eval","AreaC_41069021","development scene — this is the scene the crop parameters were chosen on; not held out","docs/arkitscenes_rgb_label_results.md","c700df3","SCOPE: oracle_free_component_eval — the prediction path consumes no oracle and no human key, but the DENOMINATOR is instances already matched to an annotation box by the evaluator, so this is a component evaluation of the label stage and NOT end-to-end deployable performance. Reclassified from 'deployable' during the reconciliation pass. Stated as '**5/7**'. n=7; the tool's own pre-declared limit says 'This is screening evidence; 2/7 could be noise.' Padding values were 'recorded, not frozen' per the tool docstring, so the dev scene is a tuning surface, not an independent measurement."
"C08","ARKitScenes Validation","41069021","rgb_tight","learned label stage — matched-instance classification","matched-instance top-3 label accuracy","7","7","7/7","top_k=3; match IoU>=0.50","oracle_free_component_eval","AreaC_41069021","development scene","docs/arkitscenes_rgb_label_results.md","c700df3","SCOPE: oracle_free_component_eval — the prediction path consumes no oracle and no human key, but the DENOMINATOR is instances already matched to an annotation box by the evaluator, so this is a component evaluation of the label stage and NOT end-to-end deployable performance. Reclassified from 'deployable' during the reconciliation pass. Stated as '**7/7**'. Both dev top-1 misses are recovered in top-3 and named in the doc: 'cabinet read as shelf, a narrow console table read as counter.'"
"C09","ARKitScenes Validation","41069025","splat","learned label stage — matched-instance classification","matched-instance top-1 label accuracy","1","9","1/9","min_top1_score=0.28; match IoU>=0.50","oracle_free_component_eval","AreaC_41069025","held-out transfer scene; table labels it '(sealed)' but the same doc's Scope section says it is 'human-inspected held-out transfer', NOT blinded-sealed","docs/arkitscenes_rgb_label_results.md","c700df3","SCOPE: oracle_free_component_eval — the prediction path consumes no oracle and no human key, but the DENOMINATOR is instances already matched to an annotation box by the evaluator, so this is a component evaluation of the label stage and NOT end-to-end deployable performance. Reclassified from 'delivered' during the reconciliation pass. Corroborated verbatim by docs/arkit_vertical_slice_72h.md (c718c46): '1/9 and 4/9 on 41069025'. This is the only scene where the splat arm scored any top-1."
"C10","ARKitScenes Validation","41069025","splat","learned label stage — matched-instance classification","matched-instance top-3 label accuracy","4","9","4/9","top_k=3; match IoU>=0.50","oracle_free_component_eval","AreaC_41069025","held-out transfer scene (see status caveat)","docs/arkitscenes_rgb_label_results.md","c700df3","SCOPE: oracle_free_component_eval — the prediction path consumes no oracle and no human key, but the DENOMINATOR is instances already matched to an annotation box by the evaluator, so this is a component evaluation of the label stage and NOT end-to-end deployable performance. Reclassified from 'delivered' during the reconciliation pass. Corroborated by docs/arkit_vertical_slice_72h.md (c718c46). All 4 of the pooled splat top-3 hits come from this one scene."
"C11","ARKitScenes Validation","41069025","rgb_tight","learned label stage — matched-instance classification","matched-instance top-1 label accuracy","5","9","5/9","min_top1_score=0.28; match IoU>=0.50","oracle_free_component_eval","AreaC_41069025","held-out transfer scene; visually reviewed by the owner BEFORE this run, so not blinded","docs/arkitscenes_rgb_label_results.md","c700df3","SCOPE: oracle_free_component_eval — the prediction path consumes no oracle and no human key, but the DENOMINATOR is instances already matched to an annotation box by the evaluator, so this is a component evaluation of the label stage and NOT end-to-end deployable performance. Reclassified from 'deployable' during the reconciliation pass. Stated as '**5/9**'. Doc states 'No tuning between scenes: identical tool and constants, only --scene-dir and --segmentation-dir differ.' Verified in code: the arm loop passes one shared LearnedLabelConfig() and one shared segmentation dir to every arm."
"C12","ARKitScenes Validation","41069025","rgb_tight","learned label stage — matched-instance classification","matched-instance top-3 label accuracy","8","9","8/9","top_k=3; match IoU>=0.50","oracle_free_component_eval","AreaC_41069025","held-out transfer scene (see status caveat)","docs/arkitscenes_rgb_label_results.md","c700df3","SCOPE: oracle_free_component_eval — the prediction path consumes no oracle and no human key, but the DENOMINATOR is instances already matched to an annotation box by the evaluator, so this is a component evaluation of the label stage and NOT end-to-end deployable performance. Reclassified from 'deployable' during the reconciliation pass. Stated as '**8/9**'."
"C13","ARKitScenes Validation","41069042","splat","learned label stage — matched-instance classification","matched-instance top-1 label accuracy","0","5","0/5","min_top1_score=0.28; match IoU>=0.50","oracle_free_component_eval","AreaC_41069042","held-out transfer scene; table says '(sealed)', Scope section says not blinded-sealed","docs/arkitscenes_rgb_label_results.md","c700df3","SCOPE: oracle_free_component_eval — the prediction path consumes no oracle and no human key, but the DENOMINATOR is instances already matched to an annotation box by the evaluator, so this is a component evaluation of the label stage and NOT end-to-end deployable performance. Reclassified from 'delivered' during the reconciliation pass. Corroborated verbatim by docs/arkit_vertical_slice_72h.md (c718c46): '0/5 and 0/5 on 41069042'."
"C14","ARKitScenes Validation","41069042","splat","learned label stage — matched-instance classification","matched-instance top-3 label accuracy","0","5","0/5","top_k=3; match IoU>=0.50","oracle_free_component_eval","AreaC_41069042","held-out transfer scene (see status caveat)","docs/arkitscenes_rgb_label_results.md","c700df3","SCOPE: oracle_free_component_eval — the prediction path consumes no oracle and no human key, but the DENOMINATOR is instances already matched to an annotation box by the evaluator, so this is a component evaluation of the label stage and NOT end-to-end deployable performance. Reclassified from 'delivered' during the reconciliation pass. Corroborated by docs/arkit_vertical_slice_72h.md (c718c46)."
"C15","ARKitScenes Validation","41069042","rgb_tight","learned label stage — matched-instance classification","matched-instance top-1 label accuracy","2","5","2/5","min_top1_score=0.28; match IoU>=0.50","oracle_free_component_eval","AreaC_41069042","held-out transfer scene; visually reviewed before this run","docs/arkitscenes_rgb_label_results.md","c700df3","SCOPE: oracle_free_component_eval — the prediction path consumes no oracle and no human key, but the DENOMINATOR is instances already matched to an annotation box by the evaluator, so this is a component evaluation of the label stage and NOT end-to-end deployable performance. Reclassified from 'deployable' during the reconciliation pass. Stated as '**2/5**'. This is the weakest scene and the smallest denominator; the tool's own pre-declared caution ('2/7 could be noise') applies with equal force here."
"C16","ARKitScenes Validation","41069042","rgb_tight","learned label stage — matched-instance classification","matched-instance top-3 label accuracy","3","5","3/5","top_k=3; match IoU>=0.50","oracle_free_component_eval","AreaC_41069042","held-out transfer scene (see status caveat)","docs/arkitscenes_rgb_label_results.md","c700df3","SCOPE: oracle_free_component_eval — the prediction path consumes no oracle and no human key, but the DENOMINATOR is instances already matched to an annotation box by the evaluator, so this is a component evaluation of the label stage and NOT end-to-end deployable performance. Reclassified from 'deployable' during the reconciliation pass. Stated as '**3/5**'."
"C17","ARKitScenes Validation","41069021","rgb_context (real capture RGB, context_pad=0.60, outside-target dimmed to 0.7)","learned label stage — matched-instance classification (confound control arm)","matched-instance top-1 label accuracy","3","7","3/7","min_top1_score=0.28; match IoU>=0.50","oracle_free_component_eval","AreaC_41069021","development scene only; this arm was NOT run on either transfer scene","docs/arkitscenes_rgb_label_results.md","c700df3","SCOPE: oracle_free_component_eval — the prediction path consumes no oracle and no human key, but the DENOMINATOR is instances already matched to an annotation box by the evaluator, so this is a component evaluation of the label stage and NOT end-to-end deployable performance. Reclassified from 'deployable' during the reconciliation pass. This is the control that makes the RGB win interpretable: 'rgb_tight **beats** rgb_context (5/7 vs 3/7) ... a wide crop of a doorway reads as a kitchen, so a gain could have been CLIP recognising rooms rather than objects. More context measurably hurts, so the gain comes from real texture on the object.' Note the control exists on n=7 on the DEV scene only — it was not replicated on 41069025 or 41069042 (the doc's reproduce line for transfer scenes passes '--arms splat rgb_tight')."
"C18","ARKitScenes Validation","41069021","rgb_context","learned label stage — matched-instance classification (control arm)","matched-instance top-3 label accuracy","5","7","5/7","top_k=3; match IoU>=0.50","oracle_free_component_eval","AreaC_41069021","development scene only","docs/arkitscenes_rgb_label_results.md","c700df3","SCOPE: oracle_free_component_eval — the prediction path consumes no oracle and no human key, but the DENOMINATOR is instances already matched to an annotation box by the evaluator, so this is a component evaluation of the label stage and NOT end-to-end deployable performance. Reclassified from 'deployable' during the reconciliation pass. Stated in the results table."
"C19","ARKitScenes Validation","41069021","splat","learned label stage — selective admission on matched instances","admission precision (top1-correct / admitted), matched instances","—","1","0.00","min_top1_score=0.28","oracle_free_component_eval","AreaC_admission_41069021","development scene","docs/arkitscenes_rgb_label_results.md","c700df3","SCOPE: oracle_free_component_eval — the prediction path consumes no oracle and no human key, but the DENOMINATOR is instances already matched to an annotation box by the evaluator, so this is a component evaluation of the label stage and NOT end-to-end deployable performance. Reclassified from 'delivered' during the reconciliation pass. Doc states 'admitted 1 | adm. precision 0.00'. Numerator is not stated in any TRACKED source; the gitignored runs/arkit_label_image_ab/splat/label_eval.json records n_admitted=1, n_correct=0. Denominator here is ADMITTED-among-MATCHED (1), which must not be confused with the all-delivered admission rate 6/34 reported in docs/arkit_vertical_slice_72h.md — different denominator, different quantity."
"C20","ARKitScenes Validation","41069021","rgb_tight","learned label stage — selective admission on matched instances","admission precision (top1-correct / admitted), matched instances","—","7","0.71","min_top1_score=0.28","oracle_free_component_eval","AreaC_admission_41069021","development scene","docs/arkitscenes_rgb_label_results.md","c700df3","SCOPE: oracle_free_component_eval — the prediction path consumes no oracle and no human key, but the DENOMINATOR is instances already matched to an annotation box by the evaluator, so this is a component evaluation of the label stage and NOT end-to-end deployable performance. Reclassified from 'deployable' during the reconciliation pass. Doc states 'admitted 7 | adm. precision **0.71**'. Numerator not stated in a tracked source; gitignored runs/arkit_label_image_ab/rgb_tight/label_eval.json records n_admitted=7, n_correct=5, precision 0.7143. The threshold is explicitly NOT calibrated for this arm: 'min_top1_score=0.28 was chosen against splat scores ... is **not** calibrated for RGB.' All 7 matched instances were admitted (coverage 1.0), so this arm effectively abstains on nothing among matched instances."
"C21","ARKitScenes Validation","41069021","rgb_context","learned label stage — selective admission on matched instances","admission precision (top1-correct / admitted), matched instances","—","7","0.43","min_top1_score=0.28","oracle_free_component_eval","AreaC_admission_41069021","development scene only","docs/arkitscenes_rgb_label_results.md","c700df3","SCOPE: oracle_free_component_eval — the prediction path consumes no oracle and no human key, but the DENOMINATOR is instances already matched to an annotation box by the evaluator, so this is a component evaluation of the label stage and NOT end-to-end deployable performance. Reclassified from 'deployable' during the reconciliation pass. Doc states 'admitted 7 | 0.43'. Gitignored label_eval.json records precision 0.4286."
"C22","ARKitScenes Validation","41069025","splat","learned label stage — selective admission on matched instances","admission precision (top1-correct / admitted), matched instances","—","5","0.20","min_top1_score=0.28","oracle_free_component_eval","AreaC_admission_41069025","held-out transfer scene (see status caveat)","docs/arkitscenes_rgb_label_results.md","c700df3","SCOPE: oracle_free_component_eval — the prediction path consumes no oracle and no human key, but the DENOMINATOR is instances already matched to an annotation box by the evaluator, so this is a component evaluation of the label stage and NOT end-to-end deployable performance. Reclassified from 'delivered' during the reconciliation pass. Doc states 'admitted 5 | 0.20'. Numerator not stated in a tracked source."
"C23","ARKitScenes Validation","41069025","rgb_tight","learned label stage — selective admission on matched instances","admission precision (top1-correct / admitted), matched instances","—","9","0.56","min_top1_score=0.28","oracle_free_component_eval","AreaC_admission_41069025","held-out transfer scene (see status caveat)","docs/arkitscenes_rgb_label_results.md","c700df3","SCOPE: oracle_free_component_eval — the prediction path consumes no oracle and no human key, but the DENOMINATOR is instances already matched to an annotation box by the evaluator, so this is a component evaluation of the label stage and NOT end-to-end deployable performance. Reclassified from 'deployable' during the reconciliation pass. Doc states 'admitted 9 | **0.56**'. Gitignored label_eval records 0.5556. All 9 matched instances admitted."
"C24","ARKitScenes Validation","41069042","splat","learned label stage — selective admission on matched instances","admission precision (top1-correct / admitted), matched instances","—","3","0.00","min_top1_score=0.28","oracle_free_component_eval","AreaC_admission_41069042","held-out transfer scene (see status caveat)","docs/arkitscenes_rgb_label_results.md","c700df3","SCOPE: oracle_free_component_eval — the prediction path consumes no oracle and no human key, but the DENOMINATOR is instances already matched to an annotation box by the evaluator, so this is a component evaluation of the label stage and NOT end-to-end deployable performance. Reclassified from 'delivered' during the reconciliation pass. Doc states 'admitted 3 | 0.00'."
"C25","ARKitScenes Validation","41069042","rgb_tight","learned label stage — selective admission on matched instances","admission precision (top1-correct / admitted), matched instances","—","4","0.50","min_top1_score=0.28","oracle_free_component_eval","AreaC_admission_41069042","held-out transfer scene (see status caveat)","docs/arkitscenes_rgb_label_results.md","c700df3","SCOPE: oracle_free_component_eval — the prediction path consumes no oracle and no human key, but the DENOMINATOR is instances already matched to an annotation box by the evaluator, so this is a component evaluation of the label stage and NOT end-to-end deployable performance. Reclassified from 'deployable' during the reconciliation pass. Doc states 'admitted 4 | **0.50**'. Note 4 admitted of 5 matched — the only rgb_tight scene where a matched instance stayed anonymous."
"C26","ARKitScenes Validation","41069021","rgb_tight","RGB crop sourcing (input availability, NOT detection)","delivered instances with 3 verified RGB views (median best visible fraction)","34","34","34/34 (med 0.99)","stride=6, n_views=3, context_pad=0.15, occlusion=True, mark_target=False","delivered","AreaC_coverage","development scene","docs/arkitscenes_rgb_label_results.md","c700df3","MUST NOT be read as detection coverage. The doc says so explicitly: 'The coverage figures (34/34, 35/35, 23/23) are **RGB-view coverage of delivered instances**, not ground-truth object-detection coverage.' The doc also records that this statistic is not self-validating: under a wrong camera convention 'coverage still read 34/34 with median visible fraction 0.99 — identical to the correct run. **Coverage statistics cannot validate the geometry that produced them.**'"
"C27","ARKitScenes Validation","41069025","rgb_tight","RGB crop sourcing (input availability, NOT detection)","delivered instances with 3 verified RGB views (median best visible fraction)","35","35","35/35 (med 0.97)","stride=6, n_views=3, context_pad=0.15","delivered","AreaC_coverage","held-out transfer scene","docs/arkitscenes_rgb_label_results.md","c700df3","RGB-view coverage of DELIVERED instances only. Not detection coverage."
"C28","ARKitScenes Validation","41069042","rgb_tight","RGB crop sourcing (input availability, NOT detection)","delivered instances with 3 verified RGB views (median best visible fraction)","23","23","23/23 (med 0.99)","stride=6, n_views=3, context_pad=0.15","delivered","AreaC_coverage","held-out transfer scene","docs/arkitscenes_rgb_label_results.md","c700df3","RGB-view coverage of DELIVERED instances only. Not detection coverage."
"C29","ARKitScenes Validation","41069021","Mask3D ms02 delivered partition (shared by ALL label arms)","instance delivery — context for why the label denominator is 7","annotated entities recovered at vertex IoU 0.50","7","18","7/18","vertex IoU >= 0.50; Mask3D min_score=0.2","delivered","AreaC_denominator_provenance","development scene","docs/arkit_vertical_slice_72h.md","c718c46","Included so the 21-instance label denominator is not read as scene coverage. Doc: 'A zero-GPU local re-resolution at the already-declared min_score=0.2 produces 34 delivered instances and retains the complete 7/18 ceiling.' Also stated as a strong pass in docs/arkitscenes_mask3d_contract.md. The 7 matched label instances for this scene are exactly these 7."
"C30","ARKitScenes Validation","41069025","Mask3D delivered partition (shared by all label arms)","instance delivery — context for why the label denominator is 9","annotated entities recovered at vertex IoU 0.50","9","20","9/20","vertex IoU >= 0.50","delivered","AreaC_denominator_provenance","held-out transfer scene","docs/arkit_vertical_slice_72h.md","c718c46","Doc: '41069025: 35 delivered instances, 151 NEAR edges, and 9/20 annotated entities recovered at vertex IoU 0.50.' Matches n_oracle_entities=20 in the gitignored label_eval.json."
"C31","ARKitScenes Validation","41069042","Mask3D delivered partition (shared by all label arms)","instance delivery — context for why the label denominator is 5","annotated entities recovered at vertex IoU 0.50","5","6","5/6","vertex IoU >= 0.50","delivered","AreaC_denominator_provenance","held-out transfer scene","docs/arkit_vertical_slice_72h.md","c718c46","Doc: '41069042: 23 delivered instances, 100 NEAR edges, and 5/6 annotated entities recovered at vertex IoU 0.50.' Only 6 annotated entities exist in this scene, so its 2/5 label result rests on a very small annotation base."
"C32","ARKitScenes Validation","pooled (41069021 + 41069025 + 41069042)","splat","end-to-end GRAPH-CONSISTENCY QA — a DIFFERENT metric from the label table above","questions abstained (graph-consistency QA)","13","14","13/14","NEAR_THRESHOLD_M=1.0; one question per annotation class","delivered","AreaC_e2e_abstention","pooled across 1 development + 2 held-out transfer scenes","docs/arkitscenes_rgb_label_results.md","c700df3","RECORDED ONLY TO PREVENT CONFLATION — this is NOT the matched-instance classification result and has a different denominator (14 questions, not 21 instances). Both the doc and tools/arkitscenes_e2e_qa_ab.py label it correctly and loudly: 'This is graph-consistency QA, NOT human-ground-truth spatial QA. Citations are scored against the NEAR-neighbour set computed on the SAME graph both arms use.' Also: 'Choosing questions from the oracle is an evaluation-side decision.'"
"C33","ARKitScenes Validation","pooled (41069021 + 41069025 + 41069042)","rgb_tight","end-to-end GRAPH-CONSISTENCY QA — a DIFFERENT metric from the label table above","questions abstained (graph-consistency QA)","3","14","3/14","NEAR_THRESHOLD_M=1.0","deployable","AreaC_e2e_abstention","pooled across 1 development + 2 held-out transfer scenes","docs/arkitscenes_rgb_label_results.md","c700df3","Doc states 'Pooled abstentions **13/14 → 3/14**.' NOT a spatial-correctness claim; the doc's own reading is 'RGB naming makes the graph *askable* and returns the graph's own neighbours faithfully. It does not establish that those neighbours are the spatially correct answer for a human.' A human-ground-truth answer key 'does not exist yet'."
"C34","ARKitScenes Validation","41069025","splat","end-to-end graph-consistency QA — SUPERSEDED first version of the scorer","uid citation F1 under the buggy ground truth (withdrawn)","—","—","0.20","n/a (withdrawn definition)","bug-diagnostic","AreaC_superseded_f1","held-out transfer scene","docs/arkitscenes_rgb_label_results.md","c700df3","DO NOT CITE AS A RESULT. Recorded because it was self-reported: 'The first version of this table scored a citation as correct when the cited entity WAS the asked class. That is the wrong ground truth ... It made RGB look worse than splats on 41069025 (F1 0.15 vs 0.20). Corrected before reporting.' The corrected value for this cell is 0.31."
"C35","ARKitScenes Validation","41069025","rgb_tight","end-to-end graph-consistency QA — SUPERSEDED first version of the scorer","uid citation F1 under the buggy ground truth (withdrawn)","—","—","0.15","n/a (withdrawn definition)","bug-diagnostic","AreaC_superseded_f1","held-out transfer scene","docs/arkitscenes_rgb_label_results.md","c700df3","DO NOT CITE AS A RESULT. Withdrawn alongside the splat 0.20 above; corrected value for this cell is 0.72. The direction of the reported effect flipped when the ground-truth definition was fixed, which is a definition-sensitivity worth flagging on any downstream QA claim."
"D01","ARKitScenes","41069021 (dev)","direct OpenCV projection (corrected convention: +x right, +y down, +z forward)","camera projection validated against synchronized sensor depth (lowres_depth)","median absolute mesh-vs-sensor-depth error, frame 305.377","—","—","4.1 cm","regression guard in tests/extractors/test_arkitscenes_rgb_crops.py: direct median must be < 0.06 m; share of common pixels within 0.10 m must be >= 0.60; legacy must be >= 4.0x direct","bug-diagnostic","three exactly-posed dev frames 305.377 / 380.363 / 455.366, direct vs legacy flip","development scene (DEV = .../Validation/41069021 per tests/extractors/test_arkitscenes_rgb_crops.py)","extractors/arkitscenes_rgb_crops.py","7e87718","Docstring lines 49-54: 'on three widely separated exactly-posed development frames (305.377, 380.363, 455.366), direct OpenCV projection gives median absolute mesh-depth errors of 4.1, 3.2 and 2.5 cm.' Ordered mapping frame->value taken from the stated order. Denominator not stated: docstring says only 'across tens of thousands of depth pixels'. This is a CORRECTNESS FIX, never a model-performance before/after. NOT the 1.4-5.2 cm range claimed in docs/arkitscenes_rgb_label_results.md — see contradictions. Downstream restatements of this same three-frame measurement appear as the range '2.5-4.1 cm' in docs/repair_arm_design_note.md:93 and segmenter/rgb_multiview_repair.py:49."
"D02","ARKitScenes","41069021 (dev)","direct OpenCV projection (corrected convention)","camera projection validated against synchronized sensor depth","median absolute mesh-vs-sensor-depth error, frame 380.363","—","—","3.2 cm","direct median must be < 0.06 m (test guard)","bug-diagnostic","three exactly-posed dev frames, direct vs legacy flip","development scene","extractors/arkitscenes_rgb_crops.py","7e87718","Docstring lines 49-54. Denominator (pixel count) not stated."
"D03","ARKitScenes","41069021 (dev)","direct OpenCV projection (corrected convention)","camera projection validated against synchronized sensor depth","median absolute mesh-vs-sensor-depth error, frame 455.366","—","—","2.5 cm","direct median must be < 0.06 m (test guard)","bug-diagnostic","three exactly-posed dev frames, direct vs legacy flip","development scene","extractors/arkitscenes_rgb_crops.py","7e87718","Docstring lines 49-54. Denominator (pixel count) not stated."
"D04","ARKitScenes","41069021 (dev)","legacy [1,-1,-1] axis flip (erroneous / invalidated convention)","camera projection validated against synchronized sensor depth","median absolute mesh-vs-sensor-depth error, frame 305.377","—","—","96.8 cm","legacy must be >= 4.0x direct (test guard)","bug-diagnostic","three exactly-posed dev frames, direct vs legacy flip","development scene","extractors/arkitscenes_rgb_crops.py","7e87718","Docstring line 52-53: 'The old [1,-1,-1] axis flip gives 96.8, 98.2 and 36.9 cm.' This is the ERRONEOUS arm; it is a bug measurement, not a baseline system. Restated downstream as the range '37-98 cm' (docs/repair_arm_design_note.md:93, segmenter/rgb_multiview_repair.py:49). NOT the 23.8-68.3 cm claimed in docs/arkitscenes_rgb_label_results.md — see contradictions."
"D05","ARKitScenes","41069021 (dev)","legacy [1,-1,-1] axis flip (erroneous / invalidated convention)","camera projection validated against synchronized sensor depth","median absolute mesh-vs-sensor-depth error, frame 380.363","—","—","98.2 cm","legacy must be >= 4.0x direct (test guard)","bug-diagnostic","three exactly-posed dev frames, direct vs legacy flip","development scene","extractors/arkitscenes_rgb_crops.py","7e87718","Docstring lines 52-53. Denominator (pixel count) not stated."
"D06","ARKitScenes","41069021 (dev)","legacy [1,-1,-1] axis flip (erroneous / invalidated convention)","camera projection validated against synchronized sensor depth","median absolute mesh-vs-sensor-depth error, frame 455.366","—","—","36.9 cm","legacy must be >= 4.0x direct (test guard)","bug-diagnostic","three exactly-posed dev frames, direct vs legacy flip","development scene","extractors/arkitscenes_rgb_crops.py","7e87718","Docstring lines 52-53. Denominator (pixel count) not stated."
"D07","ARKitScenes","not named in the artifact (bug list gives no scene)","direct OpenCV projection (corrected convention)","camera projection validated against synchronized sensor depth","median absolute mesh-vs-sensor-depth error, range over frames","—","—","1.4-5.2 cm","—","bug-diagnostic","direct vs flipped, same measurement","not stated in the bug list","docs/arkitscenes_rgb_label_results.md","c700df3","docs/arkitscenes_rgb_label_results.md:104-107, verbatim: 'Wrong camera convention. ARKitScenes poses are plain pinhole/OpenCV; an ARKit-native [1,-1,-1] axis flip was applied. Fixed in codex/camera-convention, verified against synchronized sensor depth (1.4-5.2 cm median error direct, 23.8-68.3 cm flipped).' This is the range the task prompt quotes. It does NOT match the per-frame numbers in extractors/arkitscenes_rgb_crops.py (2.5-4.1 cm). Recorded as a separate row because it is a separately stated value, not a restatement. No per-frame breakdown, no frame ids, and no pixel denominator are given anywhere for this range."
"D08","ARKitScenes","not named in the artifact (bug list gives no scene)","legacy [1,-1,-1] axis flip (erroneous / invalidated convention)","camera projection validated against synchronized sensor depth","median absolute mesh-vs-sensor-depth error, range over frames","—","—","23.8-68.3 cm","—","bug-diagnostic","direct vs flipped, same measurement","not stated in the bug list","docs/arkitscenes_rgb_label_results.md","c700df3","docs/arkitscenes_rgb_label_results.md:107. Does NOT match extractors/arkitscenes_rgb_crops.py (36.9-98.2 cm) or its downstream restatement '37-98 cm'. See contradictions."
"D09","ARKitScenes","41069021 (dev) — 'this development stream'","stride applied AFTER pose matching (corrected)","frame loading / pose matching (extractors.arkitscenes_rgb_crops.load_frames)","usable pose-matched frames","1878","—","1878 usable frames (docstring also writes '1,878 exact-matched frames')","MAX_POSE_DT_S = 0.002 s — 'A frame is usable only if a pose exists within this many seconds'","bug-diagnostic","before vs after the stride-ordering fix","development scene","extractors/arkitscenes_rgb_crops.py","7e87718","Two tracked statements of the same number. (a) extractors/arkitscenes_rgb_crops.py:210-214 (code comment in load_frames): 'Stride is applied AFTER pose matching, never before. The RGB stream is 60 Hz and the trajectory ~10 Hz, so only about one frame in six has an exact pose; striding the raw list first intersects two unrelated subsamples and decimated 1878 usable frames to 122, which silently starved view selection.' (b) docstring line 57-58: 'its pose heuristic selects no rotation for all 1,878 exact-matched frames in this development stream.' Denominator (total raw 60 Hz lowres_wide png count) is NOT stated in any artifact. A separate code comment at line 118-120 says 'Rasterising all ~1900 frames per instance would be wasteful', which is an approximation, not an independent measurement."
"D10","ARKitScenes","not named in the results-doc bug list; docstring context is the dev stream","stride applied BEFORE pose matching (erroneous / invalidated)","frame loading / pose matching (extractors.arkitscenes_rgb_crops.load_frames)","usable pose-matched frames","122","—","122 usable frames","stride value in force when 122 was produced is NOT stated (RgbCropSource default is stride=6; the A/B tool tools/arkitscenes_label_image_ab.py:79 uses stride=6)","bug-diagnostic","before vs after the stride-ordering fix","not stated","docs/arkitscenes_rgb_label_results.md","c700df3","EXACT CAUSE AS STATED, docs/arkitscenes_rgb_label_results.md:108-110, verbatim: 'Stride applied before pose matching. load_frames strided the raw 60 Hz frame list, then filtered to the ~10 Hz posed subset, intersecting two unrelated subsamples and leaving 122 usable frames instead of 1878.' Corroborated verbatim by extractors/arkitscenes_rgb_crops.py:210-214, which adds the mechanism 'only about one frame in six has an exact pose' and the consequence 'silently starved view selection'. Both artifacts agree on 122 and 1878; no artifact gives the denominator or the stride in force."
"D11","ARKitScenes","41069021 (dev)","rgb_tight crop source, measured under BOTH the wrong and the corrected projection","RGB-view coverage of delivered Mask3D instances (3 occlusion-verified views)","instances with 3 occlusion-verified RGB views","34","34","34/34 under the wrong projection AND under the correct run (identical)","—","bug-diagnostic","wrong projection vs corrected projection, same coverage statistic","development scene","docs/arkitscenes_rgb_label_results.md","c700df3","docs/arkitscenes_rgb_label_results.md:112-115, verbatim: 'Under the wrong projection, coverage still read 34/34 with median visible fraction 0.99 - identical to the correct run. Coverage statistics cannot validate the geometry that produced them. Only an independent instrument (sensor depth) could.' This row is the KEY negative diagnostic: the coverage metric was blind to the camera bug. Do not read 34/34 as a performance result — the doc's Scope section states the coverage figures are 'RGB-view coverage of delivered instances, not ground-truth object-detection coverage.'"
"D12","ARKitScenes","41069021 (dev)","rgb_tight crop source, under BOTH the wrong and the corrected projection","RGB-view coverage of delivered Mask3D instances","median visible fraction","—","—","0.99 under the wrong projection AND under the correct run (identical)","MIN_VISIBLE_FRACTION = 0.25 (extractors/arkitscenes_rgb_crops.py:123)","bug-diagnostic","wrong projection vs corrected projection","development scene","docs/arkitscenes_rgb_label_results.md","c700df3","Separate row from the 34/34 coverage because it has a different denominator (per-instance visible-fraction distribution, not an instance count). docs/arkitscenes_rgb_label_results.md:112-113."
"D13","Replica","room_1","directional edges recomputed in raw Habitat world frame vs the gravity-aligned + yaw-de-rotated frame the importer actually builds","frame audit, Finding 4 (read-only port of the compat dominant-axis rule)","directional edge TYPE changes between frames","262","975","0.269 (26.9%)","—","bug-diagnostic","raw world frame vs scene_canonical frame, same extractor","in-dataset diagnostic, six Replica scenes","docs/frame_and_scale_audit.md","0a998a5","Finding 4 table. Denominator is 'pairs with an edge (aligned frame)' = 975. Dominant-axis changes for room_1 are also 262 / 0.269 (identical). Restated in docs/frame_decision.md as '26.9% of room_1's edges'. This measures the SIZE of a mislabelling defect (edges stamped frame=""world"" that were computed in scene_canonical); it is not a model change. Raw output lives in the GITIGNORED path runs/frame_audit/frame_scale_audit.json — the narrative doc is the tracked source."
"D14","Replica","room_2","raw Habitat world frame vs gravity-aligned + yaw-de-rotated frame","frame audit, Finding 4","directional edge TYPE changes between frames","130","1347","0.097 (9.7%)","—","bug-diagnostic","raw world frame vs scene_canonical frame","in-dataset diagnostic","docs/frame_and_scale_audit.md","0a998a5","Finding 4 table. Restated in docs/frame_decision.md as '9.7% of room_2's'. Raw output in gitignored runs/frame_audit/."
"D15","Replica","room_2","raw Habitat world frame vs gravity-aligned + yaw-de-rotated frame","frame audit, Finding 4","DOMINANT AXIS changes between frames","128","1347","0.095 (9.5%)","—","bug-diagnostic","raw world frame vs scene_canonical frame","in-dataset diagnostic","docs/frame_and_scale_audit.md","0a998a5","Separate metric from edge-type changes; room_2 is one of only two scenes where the two differ (the other is frl_apartment_0: 2 axis changes vs 3 type changes). Finding 4 table."
"D16","Replica","room_0","raw Habitat world frame vs gravity-aligned + yaw-de-rotated frame","frame audit, Finding 4","directional edge TYPE changes between frames","1","2594","0.000","—","bug-diagnostic","raw world frame vs scene_canonical frame","calibration scene","docs/frame_and_scale_audit.md","0a998a5","Finding 4 table; dominant-axis changes also 1. docs/frame_decision.md restates this as the reason the mislabel was invisible: 'the raw and canonical frames agree on 2593 of 2594 edges' on the one scene every threshold was calibrated against."
"D17","Replica","office_0","raw Habitat world frame vs gravity-aligned + yaw-de-rotated frame","frame audit, Finding 4","directional edge TYPE changes between frames","1","1046","0.001","—","bug-diagnostic","raw world frame vs scene_canonical frame","in-dataset diagnostic","docs/frame_and_scale_audit.md","0a998a5","Finding 4 table; dominant-axis changes also 1."
"D18","Replica","frl_apartment_0","raw Habitat world frame vs gravity-aligned + yaw-de-rotated frame","frame audit, Finding 4","directional edge TYPE changes between frames","3","18415","0.000","—","bug-diagnostic","raw world frame vs scene_canonical frame","in-dataset diagnostic","docs/frame_and_scale_audit.md","0a998a5","Finding 4 table. Dominant-axis changes differ here: 2 (not 3), share 0.000."
"D19","Replica","apartment_0","raw Habitat world frame vs gravity-aligned + yaw-de-rotated frame","frame audit, Finding 4","directional edge TYPE changes between frames","435","59580","0.007","—","bug-diagnostic","raw world frame vs scene_canonical frame","in-dataset diagnostic; apartment_0 is two storeys and flagged multi_level_suspected: true","docs/frame_and_scale_audit.md","0a998a5","Finding 4 table; dominant-axis changes also 435."
"D20","Replica","all six (room_0, room_1, room_2, office_0, frl_apartment_0, apartment_0)","geometry-only mesh gravity estimator (geometry/frame.py) vs Replica's declared gravity_dir","frame audit, Finding 1","max angular disagreement, estimated up vs declared up","6","6","within 0.33 deg on every scene (per-scene: 0.059, 0.036, 0.082, 0.330, 0.118, 0.152 deg)","axis estimator win/runner-up area margin only 1.02x-1.74x (stated caveat)","bug-diagnostic","mesh-derived vs dataset-declared gravity","in-dataset diagnostic, six scenes, one dataset, one capture rig","docs/frame_and_scale_audit.md","0a998a5","Finding 1 table, columns 'est. up vs declared up (deg)' in scene order room_0, room_1, room_2, office_0, frl_apartment_0, apartment_0. The doc's own caveat: the winning-axis margin over the runner-up (a wall direction) is only 1.02x-1.74x, and is 2% on frl_apartment_0."
"D21","Replica","room_2","declared gravity vs world +Z","frame audit Finding 1 / frame decision section 2","capture tilt off world +Z","—","—","8.783 deg estimated / 8.725 deg declared (audit Table 1); 8.72 deg (frame_decision tilt table)","GRAVITY_ALIGN_GUARD_DEG = 5.0; YAW_DEROTATE_GUARD_DEG = 5.0","bug-diagnostic","six-scene tilt range: smallest declared 0.11 deg (frl_apartment_0), largest 8.72 deg (room_2)","in-dataset diagnostic","docs/frame_and_scale_audit.md","0a998a5","Not a contradiction: 8.783 is the mesh estimate, 8.725/8.72 the declared value. The consequence recorded in the audit: importers/replica.py::_gravity_is_neg_z requires |g_x| < 0.05 and room_2 has g_x = -0.1496, so the canonical importer refused room_2 outright (SystemExit) while demo/replica_habitat_import.py rotated it — two importers disagreeing about importability."
"D22","Replica","all six; behaviour changed on room_2 only","importers/replica.py after the frame decision (levels tilted captures instead of refusing them)","legacy importer gravity levelling at GRAVITY_ALIGN_GUARD_DEG = 5.0","scenes whose legacy-importer behaviour changed","1","6","1/6 — room_2 only: SystemExit 'Refusing to import' -> levelled, frame_kind: scene_canonical","GRAVITY_ALIGN_GUARD_DEG = 5.0 deg; splits the 1.31 deg / 8.72 deg gap with >3.5x clearance on both sides","bug-diagnostic","before vs after table in docs/frame_decision.md section 2","in-dataset correctness fix","docs/frame_decision.md","0a998a5","The other five scenes (frl_apartment_0 0.11, office_0 0.21, room_1 0.23, room_0 0.27, apartment_0 1.31 deg) are 'unchanged, frame_kind: world'. The doc states the guard exists to protect the frozen Phase 1 replay fixture scenes/replica_room_0/enriched/v2/ — 'unconditional levelling would move every coordinate in it — a benchmark-definition change wearing a bug-fix costume' — pinned by test_room_0_enriched_v2_is_byte_identical_to_the_committed_fixture."
"D23","Replica (repo test suite)","n/a","repo test suite before the frame decision change","verification of the frame-label correctness fix","test files passing","76","76","76/76","—","bug-diagnostic","before vs after; separate row because the denominator changes","verification","docs/frame_decision.md","0a998a5",".venv/bin/python3 tools/run_tests.py. Kept in its own row because 76/76 and 78/78 have different denominators and must not be merged."
"D24","Replica (repo test suite)","n/a","repo test suite after the frame decision change","verification of the frame-label correctness fix","test files passing","78","78","78/78","—","bug-diagnostic","before vs after; denominator grew by two new test files","verification","docs/frame_decision.md","0a998a5","'two new files, no failures, nothing skipped that was not already dataset-guarded'."
"D25","Replica","all six Phase 8 scenes","tools/scene_scorecard.py, before and after the frame-label correctness fix","scorecard verification that the correctness fix moved nothing","scorecard outcome counts (before == after)","—","—","4 true_answer / 27 true_empty / 22 miss / 3 false_answer — identical before and after; all six bundle_hash values byte-identical","—","bug-diagnostic","pre-change vs post-change scorecard","verification of a correctness fix","docs/frame_decision.md","0a998a5","THIS IS THE DIRECT ANSWER TO 'what was invalidated' FOR THE REPLICA FRAME FIX: nothing was. Hashes quoted in the doc: replica_room_0 graph_f91cd343511a6cc7, room_1 graph_b2c45040d87a3eda, room_2 graph_a9aaa272b7bd0755, office_0 graph_10ffdb8f9bf477e0, frl_apartment_0 graph_d00ed152eb56b8ad, apartment_0 graph_335f8fd2abe82f3e. The doc's only caveat: 'a bundle cached under one of these hashes before this change carries frame=""world"" on edges that now serialize as frame=""scene_canonical"". Nothing in the repo reads Edge.frame, and no such cache is committed, so this is a note for whoever builds one, not a live problem.' The total (56) is not stated as a denominator in the doc, so it is not asserted here."
"D26","Replica","frl_apartment_0","Phase 8 F2 floor-calibration heuristic vs mesh-derived floor plane","frame audit, Finding 2","labelled-floor error before snap / snap applied / residual vs mesh after snap","—","—","28.2 cm above the real floor before; snapped -0.2814 m; residual 0.0006 m (0.6 mm)","—","bug-diagnostic","pre-snap vs post-snap delta against the mesh floor","in-dataset diagnostic","docs/frame_and_scale_audit.md","0a998a5","Finding 2 table: 'same delta BEFORE the F2 floor snap' 0.2819 m, 'F2 snap applied' {'floor_8': -0.2814}, 'best abs delta' 0.0006 m, floor-normal angle 0.059 deg. Confirms an existing heuristic; it is not a new result."
"D27","Replica","room_1","Phase 8 F2 floor-calibration heuristic vs mesh-derived floor plane","frame audit, Finding 2","labelled-floor error before snap / snap applied / residual vs mesh after snap","—","—","0.0985 m before (9.9 cm); snapped -0.1097 m (11.0 cm); residual 0.0112 m (1.1 cm)","—","bug-diagnostic","pre-snap vs post-snap delta against the mesh floor","in-dataset diagnostic","docs/frame_and_scale_audit.md","0a998a5","Finding 2 table, floor-normal angle 0.189 deg."
"D28","Replica","office_0 and apartment_0","mesh dominant yaw vs importer label yaw","frame audit, Finding 3","scenes where the 5 deg de-rotation decision flips depending on the estimator","2","6","2/6 — office_0 (disagreement 2.793 deg; mesh yaw 5.900 vs label 3.107) and apartment_0 (disagreement 5.909 deg; mesh 7.569 vs label 1.659)","YAW_DEROTATE_GUARD_DEG = 5.0","bug-diagnostic","two estimators of the same quantity","in-dataset diagnostic","docs/frame_and_scale_audit.md","0a998a5","Finding 3 table. Both scenes currently get yaw applied 0.000 deg. docs/frame_decision.md explicitly does NOT act on this ('No yaw de-rotation in importers/replica.py. It levels gravity only. room_2's walls come out ~11 deg off axis.')."
"E01","Replica (habitat semantic annotations, human-verified QA keys)","replica_room_2","variant A, FROZEN v1 semantics (A-v1)","relation extraction -> citable QA answer scoring","ON_ENTITY_SURFACE (support) citation hits on room_2","5","20","5/20","v1 contained band: contact_threshold_m=0.02, penetration_tolerance_m=0.03 (docs/phase6_closeout.md); v1 support allowlist","proposal_ceiling","E1_semantics_v2_room2_ON_ENTITY_SURFACE_hits_of_20","development scene (all semantics-v2 relation gates are defined on room_2)","docs/semantics_v2_track_protocol.md","ef04997","Stated verbatim as ""(v1: 5/20 ...)"" in the 2026-08-02 S2 verdict and as the gate baseline ""(A-v1: 5/20)"". SCOPE WARNING: variant A consumes the dataset's ORACLE boxes and labels (docs/paper_draft.md: ""Variant A uses the dataset's oracle boxes and labels""), so this is an upper-bound representation row, NOT deployable. Underlying per-relation record lives in the GITIGNORED runs/semantics_v2/s2_report.json (replica_room_2.A_v1_frozen.per_relation.ON_ENTITY_SURFACE: n_cited 5, n_expected 20, n_hit 5)."
"E02","Replica (habitat semantic annotations, human-verified QA keys)","replica_room_2","variant A, semantics-v2 (D2 contained-rest + D3 allowlist) (A-v2)","relation extraction -> citable QA answer scoring","ON_ENTITY_SURFACE (support) citation hits on room_2","16","20","16/20","D2 contained-rest: footprint centre inside supporter, footprint area <= 0.5x supporter, S.bottom <= E.bottom <= S.top + v1 band, floor-supported excluded; D3 allowlist = v1 + cabinet/nightstand/bed","definition-change","E1_semantics_v2_room2_ON_ENTITY_SURFACE_hits_of_20","development scene (""the dev scene"" in the verdict); gates were declared on room_2 before scoring","docs/semantics_v2_track_protocol.md","ef04997","Verdict text: ""support hits **16/20 @ P 0.94** PASS (v1: 5/20 - D2's contained-rest works exactly as designed on the dev scene)"". DEFINITION-CHANGE CONFIRMED, and the source states the SYSTEM DEFINITION changed while the KEY did NOT: ""is reported ONLY as a **benchmark-definition change** - never as an improvement over the frozen track. The two tracks are not comparable and no table may mix their rows without both labels."" and ""The keys are the target, not a variable. The v2 track re-scores the SAME `human_verified` keys with new SYSTEM semantics. No key edit, no new questions, no reweighting."" Same denominator (20 keyed support answers) in both arms. Track was STOPPED (see E1-22): nothing shipped."
"E03","Replica (habitat semantic annotations, human-verified QA keys)","replica_room_2","variant A, semantics-v2 (A-v2)","relation extraction -> citable QA answer scoring","ON_ENTITY_SURFACE (support) citation precision on room_2, as stated in the doc","—","—","0.94","gate was ON_ENTITY_SURFACE citation precision >= 0.85","definition-change","E1_semantics_v2_room2_ON_ENTITY_SURFACE_precision","development scene","docs/semantics_v2_track_protocol.md","ef04997","The tracked doc states only the rounded figure ""P 0.94"" with no numerator/denominator, so none is reported here. AMBIGUITY: the same doc uses ""0.94"" twice in the same sentence for two different quantities - the room_2 AGGREGATE micro-precision and the ON_ENTITY_SURFACE relation precision (see contradictions). Exact underlying value is in the gitignored run report only (see E1-04)."
"E04","Replica (habitat semantic annotations, human-verified QA keys)","replica_room_2","variant A, semantics-v2 (A-v2)","relation extraction -> citable QA answer scoring","ON_ENTITY_SURFACE (support) citation precision on room_2, exact","16","17","0.9412","gate ON_ENTITY_SURFACE citation precision >= 0.85","definition-change","E1_semantics_v2_room2_ON_ENTITY_SURFACE_precision","development scene","runs/semantics_v2/s2_report.json","— (untracked; repo HEAD at read time c8e200d)","SOURCE-PRECEDENCE PROBLEM: this exact value exists ONLY in the GITIGNORED runs/semantics_v2/s2_report.json (replica_room_2.A_v2.per_relation.ON_ENTITY_SURFACE: n_cited 17, n_hit 16, precision 0.9412). `git ls-files --error-unmatch` reports it untracked. The tracked narrative (docs/semantics_v2_track_protocol.md) reports only the rounded ""P 0.94"" without a denominator, so no tracked artifact carries 16/17."
"E05","Replica (habitat semantic annotations, human-verified QA keys)","replica_room_2","variant A, FROZEN v1 semantics (A-v1)","relation extraction -> citable QA answer scoring","ON_ENTITY_SURFACE (support) citation precision on room_2","5","5","1.0","v1 band contact_threshold_m=0.02","proposal_ceiling","E1_semantics_v2_room2_ON_ENTITY_SURFACE_precision","development scene","runs/semantics_v2/s2_report.json","— (untracked; repo HEAD at read time c8e200d)","GITIGNORED run only (replica_room_2.A_v1_frozen.per_relation.ON_ENTITY_SURFACE: n_cited 5, n_expected 20, n_hit 5, precision 1.0). No tracked doc reports the v1 support-relation precision. Context for E1-02/E1-04: v1 support was perfectly precise at 5/20; v2 traded 1.0 -> 0.9412 precision for 5 -> 16 hits ON THE DEVELOPMENT SCENE ONLY."
"E06","Replica (habitat semantic annotations, human-verified QA keys)","replica_room_2","variant A, FROZEN v1 semantics (A-v1)","whole-battery citation scoring (all relations)","scene aggregate micro-precision","—","—","0.95","all-scenes micro-P floor 0.80; room_2 aggregate gate micro-P >= 0.85","proposal_ceiling","E1_semantics_v2_scene_micro_precision_A_v1_vs_A_v2","development scene","docs/semantics_v2_track_protocol.md","ef04997","From the S2 verdict table (""| room_2 | 0.95 / 0.408 | 0.94 / 0.612 |""). No numerator/denominator stated in the tracked doc. Gitignored run reports 0.9524."
"E07","Replica (habitat semantic annotations, human-verified QA keys)","replica_room_2","variant A, semantics-v2 (A-v2)","whole-battery citation scoring (all relations)","scene aggregate micro-precision","—","—","0.94","room_2 aggregate gate micro-P >= 0.85 (PASSED)","definition-change","E1_semantics_v2_scene_micro_precision_A_v1_vs_A_v2","development scene","docs/semantics_v2_track_protocol.md","ef04997","S2 verdict table. Gitignored run reports micro_precision 0.9375 for this cell - i.e. the doc's ""0.94"" here is a DIFFERENT quantity from the ""0.94"" in E1-03 (0.9412). Both round to 0.94; see contradictions."
"E08","Replica (habitat semantic annotations, human-verified QA keys)","replica_room_2","variant A, semantics-v2 (A-v2)","whole-battery citation scoring (all relations)","scene aggregate micro-recall","—","—","0.612","room_2 aggregate gate micro-R >= 0.55 (PASSED)","definition-change","E1_semantics_v2_room2_micro_recall","development scene","docs/semantics_v2_track_protocol.md","ef04997","A-v1 was 0.408 (same table). METHODOLOGICAL NOTE stated in the source: ""the aggregate gates alone (R 0.612 @ P 0.94 on room_2) would have PASSED this run. The relation-specific gates the owner required at review (attached >= 8/14) are precisely what caught the failure."" Do not quote 0.612 as a track success."
"E09","Replica (habitat semantic annotations, human-verified QA keys)","replica_room_1","variant A, FROZEN v1 semantics (A-v1)","whole-battery citation scoring (all relations)","scene aggregate micro-precision","—","—","0.83","all-scenes micro-P floor 0.80","proposal_ceiling","E1_semantics_v2_scene_micro_precision_A_v1_vs_A_v2","transfer scene (docs/paper_draft.md: ""the two transfer scenes"" = office_0 and room_1)","docs/semantics_v2_track_protocol.md","ef04997","S2 verdict table row ""| room_1 | 0.83 / 0.286 | 0.58 / 0.514 |"". Gitignored run: 0.8333."
"E10","Replica (habitat semantic annotations, human-verified QA keys)","replica_room_1","variant A, semantics-v2 (A-v2)","whole-battery citation scoring (all relations)","scene aggregate micro-precision","—","—","0.58","all-scenes micro-P floor 0.80 - FAILED","definition-change","E1_semantics_v2_scene_micro_precision_A_v1_vs_A_v2","transfer scene","docs/semantics_v2_track_protocol.md","ef04997","Stated as ""all-scenes precision floor FAIL (office_0 0.36, room_1 0.58)"". This is the SCENE AGGREGATE micro-P, not the support-relation precision; the gitignored run gives room_1 A_v2 micro_precision 0.5806 and ON_ENTITY_SURFACE precision 0.5294 (see E1-12 and contradictions). docs/results_narrative.md and docs/paper_draft.md quote ""0.36/0.58"" inside a sentence about the support definition."
"E11","Replica (habitat semantic annotations, human-verified QA keys)","replica_office_0","variant A, FROZEN v1 semantics (A-v1)","whole-battery citation scoring (all relations)","scene aggregate micro-precision","—","—","1.00","all-scenes micro-P floor 0.80","proposal_ceiling","E1_semantics_v2_scene_micro_precision_A_v1_vs_A_v2","transfer scene","docs/semantics_v2_track_protocol.md","ef04997","S2 verdict table row ""| office_0 | 1.00 / 0.375 | **0.36** / 0.500 |""."
"E12","Replica (habitat semantic annotations, human-verified QA keys)","replica_office_0","variant A, semantics-v2 (A-v2)","whole-battery citation scoring (all relations)","scene aggregate micro-precision","—","—","0.36","all-scenes micro-P floor 0.80 - FAILED","definition-change","E1_semantics_v2_scene_micro_precision_A_v1_vs_A_v2","transfer scene","docs/semantics_v2_track_protocol.md","ef04997","Largest fall in the track: 1.00 -> 0.36 on office_0. Source's own decomposition: ""D2 (contained-rest support) is a validated definition on the development scene but over-fires on office_0/room_1 (precision 0.36/0.58 - interior-volume false positives, the declared drawer-contents property, at real cost)"". Gitignored run: 0.3636."
"E13","Replica (habitat semantic annotations, human-verified QA keys)","replica_room_1","variant A, semantics-v2 (A-v2)","relation extraction -> citable QA answer scoring","ON_ENTITY_SURFACE (support) citation precision on room_1","9","17","0.5294","—","definition-change","E1_semantics_v2_transfer_ON_ENTITY_SURFACE_precision","transfer scene","runs/semantics_v2/s2_report.json","— (untracked; repo HEAD at read time c8e200d)","GITIGNORED run only (replica_room_1.A_v2.per_relation.ON_ENTITY_SURFACE: n_cited 17, n_expected 14, n_hit 9). IMPORTANT: this is NOT the 0.58 the tracked docs quote - 0.58 is the scene aggregate micro-P (0.5806). The support relation's own precision on room_1 is 0.5294. A-v1 room_1 ON_ENTITY_SURFACE was n_cited 0, n_hit 0, precision null (nothing citable at all)."
"E14","Replica (habitat semantic annotations, human-verified QA keys)","replica_office_0","variant A, semantics-v2 (A-v2)","relation extraction -> citable QA answer scoring","ON_ENTITY_SURFACE (support) citation precision on office_0","4","11","0.3636","—","definition-change","E1_semantics_v2_transfer_ON_ENTITY_SURFACE_precision","transfer scene","runs/semantics_v2/s2_report.json","— (untracked; repo HEAD at read time c8e200d)","GITIGNORED run only (replica_office_0.A_v2.per_relation.ON_ENTITY_SURFACE: n_cited 11, n_expected 8, n_hit 4). On office_0 the support-relation precision and the scene aggregate micro-P coincide at 0.3636 (ON_ENTITY_SURFACE is the only keyed relation scored in that scene's report block). office_0 A-v1 was n_cited 3, n_hit 3, precision 1.0 over n_expected 8."
"E15","Replica (habitat semantic annotations, human-verified QA keys)","replica_room_0","variant A, FROZEN v1 semantics (A-v1)","whole-battery citation scoring (all relations)","scene aggregate micro-precision","—","—","0.85","all-scenes micro-P floor 0.80","proposal_ceiling","E1_semantics_v2_scene_micro_precision_A_v1_vs_A_v2","fourth keyed scene (not gate-bearing); it is the Phase 6 development scene","docs/semantics_v2_track_protocol.md","ef04997","S2 verdict table row ""| room_0 | 0.85 / 0.347 | 0.79 / 0.612 |"". Recalls (0.347 -> 0.612) stated in the same row."
"E16","Replica (habitat semantic annotations, human-verified QA keys)","replica_room_0","variant A, semantics-v2 (A-v2)","whole-battery citation scoring (all relations)","scene aggregate micro-precision","—","—","0.79","all-scenes micro-P floor 0.80 - room_0 also sits BELOW the 0.80 floor","definition-change","E1_semantics_v2_scene_micro_precision_A_v1_vs_A_v2","fourth keyed scene (not gate-bearing)","docs/semantics_v2_track_protocol.md","ef04997","The verdict text names only office_0 (0.36) and room_1 (0.58) as the precision-floor failures, but the table's room_0 A-v2 value 0.79 is also below the declared 0.80 all-scenes floor. Reported as stated; no reconciliation attempted. Gitignored run: 0.7895."
"E17","Replica (habitat semantic annotations, human-verified QA keys)","replica_room_2","variant A, FROZEN v1 semantics (A-v1)","relation extraction -> citable QA answer scoring","ATTACHED_TO citation hits on room_2","1","14","1/14","v1 frozen 2 cm attachment band","proposal_ceiling","E1_semantics_v2_room2_ATTACHED_TO_hits_of_14","development scene","docs/semantics_v2_track_protocol.md","ef04997","Stated as the gate baseline ""(A-v1: 1/14)"". Included because the attached gate - not the support gate - is what stopped E1."
"E18","Replica (habitat semantic annotations, human-verified QA keys)","replica_room_2","variant A, semantics-v2 (D1 per-pair attachment) (A-v2)","relation extraction -> citable QA answer scoring","ATTACHED_TO citation hits on room_2","0","14","0/14","gate required >= 8/14 at citation precision >= 0.85 - FAILED; D1 constants contact_threshold_m=0.12, depth <= 0.35 m, bottom partition 0.30 m","definition-change","E1_semantics_v2_room2_ATTACHED_TO_hits_of_14","development scene","docs/semantics_v2_track_protocol.md","ef04997","""attached **0/14, zero citations** FAIL"". v2 also LOST the one hit v1 had (obj_42, depth 0.372 m, over the 0.35 m ceiling by 0.022 m). Source: ""Constants stay frozen; no adjustment."""
"E19","Replica (habitat semantic annotations, human-verified QA keys)","replica_room_2","read-only census of the human attachment key vs oracle wall planes","annotation-geometry diagnosis (no model run)","keyed attached objects lying BEHIND the oracle wall planes","11","14","11/14","signed best-wall gap range -0.16 m to -1.23 m; frozen `on_interior_side` clause","bug-diagnostic","E1_room2_attached_census_of_14","development scene","docs/semantics_v2_track_protocol.md","ef04997","""11 of 14 keyed attached objects lie BEHIND the oracle wall planes (signed best-wall gap -0.16 m to -1.23 m): windows, blinds, and the picture are annotated at or beyond the annotated wall plane, so the frozen `on_interior_side` clause fails regardless of any band width."" Classified bug-diagnostic because it is a dataset/annotation-geometry finding, not a method result."
"E20","Replica (habitat semantic annotations, human-verified QA keys)","replica_room_2","read-only census of the human attachment key","annotation-geometry diagnosis (no model run)","keyed attached objects that DO pass wall contact but exceed the depth ceiling","3","14","3/14","gaps -0.01 to +0.06 m; annotation boxes 0.37-0.62 m deep vs the 0.35 m D1 depth ceiling","bug-diagnostic","E1_room2_attached_census_of_14","development scene","docs/semantics_v2_track_protocol.md","ef04997","""The 3 objects that DO pass wall contact (vents at gaps -0.01 to +0.06 m) carry annotation boxes **0.37-0.62 m deep** - all beyond the 0.35 m depth ceiling"". Separately: ""One keyed vent (obj_59) sits **1.26 m from every wall plane**""."
"E21","Replica (habitat semantic annotations, human-verified QA keys)","replica scenes: room_0, room_1, room_2, office_0","semantics-v2 track, stage S2 (variant A first)","predeclared proceed-rule evaluation","S2 proceed-rule decision","—","—","STOP_TRACK","gates: attached >= 8/14 @ P >= 0.85; support >= 8/20 @ P >= 0.85; room_2 micro-R >= 0.55 @ micro-P >= 0.85; all-scenes micro-P floor 0.80","definition-change","E1_semantics_v2_track_decision","whole track","docs/semantics_v2_track_protocol.md","ef04997","""**STOP_TRACK per the frozen rule: the v1 track remains the project's only benchmark; S3 is cancelled unspent.**"" Gate outcomes from the gitignored runs/semantics_v2/s2_report.json: support_hits true, support_precision true, attached_hits false, attached_precision false, all_scenes_precision_floor false, all_gates_pass false. CONSEQUENCE FOR REPORTING: the 5/20 -> 16/20 support result belongs to a track that was stopped and never advanced to learned variants; it is not a shipped or deployable improvement."
"E22","Replica (habitat semantic annotations)","replica_room_0","Phase 6 v1 ON_ENTITY_SURFACE extractor (reasoner-native support)","relation extraction (stored edges)","ON_ENTITY_SURFACE real positives emitted on room_0","6","—","6","contact_threshold_m=0.02, penetration_tolerance_m=0.03 (floor rest band reused)","delivered","E1_phase6_room0_v1_support_edges","Phase 6 development scene; single-scene evidence (source says so explicitly)","docs/phase6_closeout.md","37bbe65","""`ON_ENTITY_SURFACE` emits six real positives: table rests: `obj_92`, `obj_90`, `obj_12`, `obj_59`, `obj_87`; plant-stand rest: `obj_35` on `obj_55`."" Phase 6 declares itself a definition change too: ""This is **not** a v1 benchmark improvement claim. It is a new reasoner-native capability and a Phase 6 eval-definition change... The P5 and P6 scorecards are not directly comparable."" Source also warns it is ""still single-scene evidence""."
"E23","Replica (habitat semantic annotations, human-verified QA keys)","replica_room_0","variant A, FROZEN v1 semantics (A-v1)","relation extraction -> citable QA answer scoring","ON_ENTITY_SURFACE (support) citation hits on room_0","6","23","6/23","v1 band 0.02 m","proposal_ceiling","E1_semantics_v2_room0_ON_ENTITY_SURFACE_hits_of_23","fourth keyed scene","runs/semantics_v2/s2_report.json","— (untracked; repo HEAD at read time c8e200d)","GITIGNORED run only (replica_room_0.A_v1_frozen.per_relation.ON_ENTITY_SURFACE: n_cited 6, n_expected 23, n_hit 6, precision 1.0). Included because it is the only place the Phase 6 ""six real positives"" (E1-22) is given a keyed denominator. A-v2 on room_0 was n_cited 21, n_hit 18, precision 0.8571 over the same n_expected 23 - a different denominator from room_2's 20, so these must never be pooled with E1-01/E1-02."
"E24","Replica (habitat semantic annotations)","replica_room_0","Phase 6 v1 ON_ENTITY_SURFACE extractor","Phase 6 exit gate QA","false answers on the Phase 6 router QA eval","0","7","0/7","`python3 tools/phase6_router_qa_eval.py`","delivered","E1_phase6_exit_gate","Phase 6 development scene","docs/phase6_closeout.md","37bbe65","""total questions: 7; category counts: {\""correct_defer\"": 1, \""true_answer\"": 5, \""true_empty\"": 1}; false answers: 0; all expected outcomes met: true"". Note the tracked exclusions on the same scene: obj_43 pot on table excluded by the frozen band at +0.0349 m float; obj_55 plant-stand on table excluded because support-furniture classes are not supported tabletop answers in P6."
"E25","Replica (habitat semantic annotations)","replica_room_0","Phase 7 AttachedToExtractor (path A)","relation extraction (stored edges)","ATTACHED_TO edges emitted on the committed scene","0","—","0","no new thresholds; inherits wall_contact + floor rest_contact bands","delivered","E1_phase7_attached_committed_scene","committed scene, honest negative","docs/phase7_plan.md","a73e16f","""**D5 - Committed scene has zero positives (path A).** room_0 yields 0 `ATTACHED_TO` edges... room_0 exit gate asserts `ATTACHED_TO` = **empty** (honest negative)."" Consistent with docs/phase6_closeout.md: ""`ATTACHED_TO` remains deferred: room_0 has no honest wall-contact-and-elevated positive under the Phase 5 evidence."""
"E26","Replica (habitat semantic annotations)","replica_apartment_0 (uncommitted, no answer key)","Phase 7 AttachedToExtractor (path A)","relation extraction (stored edges)","ATTACHED_TO plausibility positives (NOT ground truth)","3","—","3","inherited bands; multi-floor-aware extractor","delivered","E1_phase7_attached_plausibility_only","uncommitted scene, no answer key","docs/phase7_plan.md","a73e16f","""apartment_0's **3** validated plausibility positives - vent (2.43 m), wall sconce-lamp (1.89 m), wall sink (0.62 m) - stay in `demo/`, non-ground-truth."" The same doc states ""**No ground truth for positives** - synthetic + plausibility only (D5)."" Do NOT present this 3 as precision or recall; there is no key. uids named in the exit gate: obj_176, obj_260, obj_309."
"E27","ARKitScenes","41069025","delivered entity-patch rest support stage (runs/arkit_vertical_slice/sealed_pair_rest)","support relation extraction vs finalized human key","owner-confirmed support positives recovered by the algorithm's candidates","1","3","1/3","min_target_overlap_ratio 0.5, contact_gap_ratio 0.05, penetration_ratio 0.02, target_containment_ratio 0.95, floor_contact_gap_ratio 0.03","delivered","E2_arkit41069025_support_stage_vs_human_key","single scene; review provenance records calibration_status ""provisional_unvalidated_transfer_calibration_pending""","eval/human_feedback/arkitscenes_41069025_support_relation_key_v1.json","25126ec","EXPLORATORY — NOT A HEADLINE. Two of the three keyed positives (obj_9->obj_13, obj_23->obj_13) appear only in the FINAL owner-corrected key and have no independent returned-form record; the key attributes the omission to a review-form defect. This result must not be published as a headline while that provenance stands. TRACKED source states the counts directly in `algorithm_agreement`: n_algorithm_candidates 1, n_owner_positives 3, candidates_owner_confirms [""obj_9->obj_13""], candidates_owner_rejects [], owner_positives_algorithm_misses [""obj_1->obj_14"", ""obj_23->obj_13""]. The key adds: ""reported for the record; no logic or threshold changed here"" and provenance logic_changed=false, thresholds_changed=false. Key status FINAL."
"E28","ARKitScenes","41069025","delivered entity-patch rest support stage","support relation extraction vs finalized human key","support-stage precision on the keyed pairs","1","1","1.0","min_target_overlap_ratio 0.5; contact band per contact_gap_ratio 0.05","delivered","E2_arkit41069025_support_precision","single scene; transfer calibration explicitly pending","runs/arkit_support_calibration/arkitscenes_41069025_support_separability.json","— (untracked; repo HEAD at read time c8e200d)","EXPLORATORY — NOT A HEADLINE. Two of the three keyed positives (obj_9->obj_13, obj_23->obj_13) appear only in the FINAL owner-corrected key and have no independent returned-form record; the key attributes the omission to a review-form defect. This result must not be published as a headline while that provenance stands. SOURCE-PRECEDENCE PROBLEM: precision 1.0 appears ONLY in the GITIGNORED runs/arkit_support_calibration/arkitscenes_41069025_support_separability.json (`current_stage`: true_positives [""obj_9->obj_13""], false_positives [], precision 1.0). `grep -rn ""separability"" docs/` returns NOTHING, so no narrative doc in the repo reports this number - there is no tracked primary source to cite. Denominator is 1 candidate, i.e. precision over a single proposal; it is not a meaningful precision estimate. The report's own caution: ""3 positives from one scene. A boundary that separates them is a hypothesis, not a calibration""."
"E29","ARKitScenes","41069025","delivered entity-patch rest support stage","support relation extraction vs finalized human key","support-stage recall on the keyed positives","1","3","0.3333333333333333","same frozen config as E2-02","delivered","E2_arkit41069025_support_recall","single scene; transfer calibration explicitly pending","runs/arkit_support_calibration/arkitscenes_41069025_support_separability.json","— (untracked; repo HEAD at read time c8e200d)","EXPLORATORY — NOT A HEADLINE. Two of the three keyed positives (obj_9->obj_13, obj_23->obj_13) appear only in the FINAL owner-corrected key and have no independent returned-form record; the key attributes the omission to a review-form defect. This result must not be published as a headline while that provenance stands. Value quoted EXACTLY as the report stores it (0.3333333333333333), not rounded to 0.333. GITIGNORED source; no tracked doc reports it. false_negatives listed as [""obj_1->obj_14"", ""obj_23->obj_13""]. DENOMINATOR CAVEAT: 3 is the number of `supports` judgements in the 54-row review sheet, NOT a census of the scene's support relations (the sheet covers 54 of 1225 pairs by a non-random stratified rule). The 9 `unsure` rows are excluded from both positives and negatives by the tool."
"E30","ARKitScenes","41069025","delivered entity-patch rest support stage","support relation extraction (scene-wide candidate generation)","support relation candidates proposed over evaluated pairs","1","714","1/714","frozen algorithm_config as recorded in the review provenance; floor_evidence_status ""unknown"", reject_when_floor_unknown false","delivered","E2_arkit41069025_scene_candidate_yield","single scene","eval/human_feedback/arkitscenes_41069025_support_review.json","90dad73","TRACKED provenance: n_pairs 1225, n_evaluated 714, n_candidates 1, n_qualifying_patches 77. So the delivered stage proposed exactly ONE support relation for the whole scene. Underlying resting artifact is the gitignored runs/arkit_vertical_slice/sealed_pair_rest/41069025/entity_patch_rest.json (sha256 e16ee06a46cd33116a81e2a37f93b14fba4b24a5f2fdcd32636a39ae4923507b). Review file status is AWAITING_OWNER while the derived key is FINAL."
"E31","ARKitScenes","41069025","human owner review (key construction, not a system arm)","answer-key construction","`supports` judgements in the finalized key","3","54","3/54","definition: ""gravity-resting contact on the supporter""","identity_oracle","E2_arkit41069025_key_composition","single scene, one owner reviewer","eval/human_feedback/arkitscenes_41069025_support_relation_key_v1.json","25126ec","TRACKED `judgement_counts`: does_not_support 42, supports 3, unsure 9 (sums to 54). `coverage`: rows_on_sheet 54, rows_returned 52, rows_omitted [""obj_23->obj_13"",""obj_9->obj_13""], omitted_reason ""the sheet's Build JSON only emits rows with a checked radio... Omission here is a form defect, not a retraction"". Scope marked identity_oracle because this row describes human-supplied ground truth, not system output. The 54 rows are 36 qualifying-patch rows + 29 stratified rejects + 2 owner-confirmed (overlapping sets), so the sample is system-biased, not a random draw from 1225."
"E32","ARKitScenes","41069025","delivered entity-patch rest support stage","support relation extraction (per-pair gate)","obj_23->obj_13 best-patch footprint overlap ratio (miss #1)","—","—","0.4545","min_target_overlap_ratio = 0.5 (the gate it fails)","bug-diagnostic","E2_arkit41069025_miss_obj23_obj13","single scene","eval/human_feedback/arkitscenes_41069025_support_review.json","90dad73","MISS #1 = the THRESHOLD-REACHABLE miss. Pair obj_23->obj_13 (owner rationale in the key: ""obj_23 is the second cushion resting on obj_13, the sofa""). TRACKED review row: relation_candidate false, rejection_reasons [""no_patch_satisfies_resting_evidence""], patch_rejection_reasons [""footprint_overlap_below_min""], best_patch_uid instance_13_hpatch_159, overlap_ratio_target 0.4545, vertical_gap_m -0.0099, patch_footprint_m2 0.2577, target_footprint_m2 0.2051. The vertical gap is essentially at contact (-0.0099 m); only the overlap gate fails, at 0.4545 vs 0.50."
"E33","ARKitScenes","41069025","read-only separability analysis (tools/arkitscenes_support_separability.py)","failure-mode classification of the keyed positives","obj_23->obj_13 patches lying inside the contact band","2","6","2 of 6 patches in the contact band; mode = ""threshold_reachable""","contact band census; no threshold changed (report records thresholds_changed=false)","bug-diagnostic","E2_arkit41069025_miss_obj23_obj13","single scene","runs/arkit_support_calibration/arkitscenes_41069025_support_separability.json","— (untracked; repo HEAD at read time c8e200d)","GITIGNORED run; the mode label itself is defined in the TRACKED tool docstring (tools/arkitscenes_support_separability.py, commit 58faaea): ""threshold_reachable a patch exists at the right place -- small |gap| -- and the pair fails only a numeric gate. A threshold change could recover this one."" Report row: {pair_id obj_23->obj_13, mode threshold_reachable, by_overlap {instance_13_hpatch_159, overlap 0.4545, gap_m -0.0099}, by_contact identical, n_patches 6, n_in_contact_band 2}. The report explicitly REFUSES to turn this into a calibration."
"E34","ARKitScenes","41069025","delivered entity-patch rest support stage","support relation extraction (per-pair gate)","obj_1->obj_14 patches lying inside the contact band (miss #2)","0","7","0 of 7 patches in the contact band; mode = ""evidence_missing""","contact band census; thresholds_changed=false","bug-diagnostic","E2_arkit41069025_miss_obj1_obj14","single scene","runs/arkit_support_calibration/arkitscenes_41069025_support_separability.json","— (untracked; repo HEAD at read time c8e200d)","MISS #2 = the SEGMENTATION-EVIDENCE miss. GITIGNORED run row: {pair_id obj_1->obj_14, mode evidence_missing, by_overlap {instance_14_hpatch_028, overlap 0.3927, gap_m -0.8126}, by_contact {instance_14_hpatch_035, overlap 0.083, gap_m -0.7976}, n_patches 7, n_in_contact_band 0}. Tracked docstring definition: ""evidence_missing NO patch exists near the contact height at all. No threshold on any of these features can recover it, and neither can patch selection."" TRACKED corroboration in the review file: obj_1->obj_14 relation_candidate false, patch_rejection_reasons [""footprint_overlap_below_min"",""vertical_gap_below_penetration_band""], overlap_ratio_target 0.3927, vertical_gap_m -0.8126. WITHDRAWN CLAIM (tracked, tools/arkitscenes_support_separability.py @58faaea): an earlier analysis called this pair a patch-SELECTION bug; ""That was wrong on two counts and the claim is withdrawn"" - the relation module's pair test is already existential."
"E35","ARKitScenes","41069025","read-only mesh-vertex evidence probe (tools/arkitscenes_support_evidence_probe.py)","segmentation-evidence diagnosis for obj_1->obj_14","owner segment's coverage of the target footprint at contact height","16","324","0.0494 (footprint coverage), verdict ""segmentation_evidence_missing""","owner_coverage_min 0.25; contact_band_m 0.05; coverage_cell_m 0.02; target_underside_z -0.8803","bug-diagnostic","E2_arkit41069025_miss_obj1_obj14","single scene, single pair","runs/arkit_support_calibration/arkitscenes_41069025_obj_1_obj_14_evidence_probe.json","— (untracked; repo HEAD at read time c8e200d)","GITIGNORED run only. Verbatim verdict rationale: ""the owner covers only 4.9% of the target footprint at contact height, while UNASSIGNED mesh covers 44.8%. The supporting surface exists in the mesh but was not given to the owner segment, so no change inside the relation module can recover this pair"". Same report: unassigned 629 vertices / 145 of 324 cells / coverage 0.4475; target_itself 290 vertices / 72 cells / 0.2222; other_instances 0; owner 67 vertices / 16 cells / 0.0494; slab_vertices 986; delivered_partition_unassigned_rate 0.5973; read_only true, logic_changed false, thresholds_changed false. So the two E2 misses have DIFFERENT causes: one gate-reachable (E2-06/E2-07), one blocked upstream in segmentation (this row) - they must not be described as one failure."
"E36","ARKitScenes","41069025","read-only separability analysis","threshold-separability test over keyed positives vs negatives","keyed negatives sitting above the minimum positive overlap","9","42","9 negatives above min_positive_overlap 0.4545; separable_on_overlap_alone = false, separable_in_2d = true","feature space (footprint overlap, |vertical gap|) on the contact-selected patch; min_positive_overlap 0.4545, max_positive_abs_gap 0.0099","bug-diagnostic","E2_arkit41069025_separability","single scene","runs/arkit_support_calibration/arkitscenes_41069025_support_separability.json","— (untracked; repo HEAD at read time c8e200d)","GITIGNORED run. Report fields: n_reachable_positives 2, n_unreachable_positives 1, negatives_inside_that_box [], separable_in_2d true, negatives_above_min_positive_overlap 9, separable_on_overlap_alone false. Denominator 42 = the key's does_not_support count (the tool scores only supports/does_not_support rows; the 9 `unsure` rows are excluded). The report's closing caution, verbatim: ""3 positives from one scene. A boundary that separates them is a hypothesis, not a calibration; a gate fitted to this would be fitted to two or three points."" DO NOT report separable_in_2d=true as a validated fix."
"F01","ARKitScenes","arkitscenes_41069025","object/label map","spatial QA answering — representation kill test, 6 common room-observable questions","correct","0","6","0 / 6","no threshold; hybrid two-view abstention gate (never fired)","delivered","kill_test_41069025_common6 (n=6)","development — in-distribution scene used across all prior experiments","docs/arkitscenes_representation_kill_test.md","e14d8fe","Doc result table, scored once 2026-08-16. 6 of 8 human-keyed questions included; delivered-instance identity and reported-counter extent excluded because raw RGB cannot access obj_N or a system's reported region. Cross-checked identical in GITIGNORED runs/arkit_representation_kill_test/41069025_common6/report.json (arms/object_retrieval)."
"F02","ARKitScenes","arkitscenes_41069025","object/label map","spatial QA answering — representation kill test, 6 common room-observable questions","wrong","5","6","5 / 6","no threshold","delivered","kill_test_41069025_common6 (n=6)","development","docs/arkitscenes_representation_kill_test.md","e14d8fe","Confident wrong answers, not abstentions. Cross-check: gitignored report arms/object_retrieval/summary/tally/wrong = 5."
"F03","ARKitScenes","arkitscenes_41069025","object/label map","spatial QA answering — representation kill test, 6 common room-observable questions","unanswered","1","6","1 / 6","no threshold","delivered","kill_test_41069025_common6 (n=6)","development","docs/arkitscenes_representation_kill_test.md","e14d8fe","The unanswered item is q6_cushion_on_sofa: the graph emits no ON_ENTITY_SURFACE edge at all."
"F04","ARKitScenes","arkitscenes_41069025","object/label map","spatial QA answering — representation kill test, 6 common room-observable questions","coverage","—","6","0.833","no threshold","delivered","kill_test_41069025_common6 (n=6)","development","docs/arkitscenes_representation_kill_test.md","e14d8fe","Numerator (answered-item count) is not stated as its own integer in any artifact, so it is left as '—' rather than reconstructed. Gitignored report states coverage = 0.8333."
"F05","ARKitScenes","arkitscenes_41069025","object/label map","spatial QA answering — representation kill test, 6 common room-observable questions","exact accuracy","0","6","0.000","no threshold","delivered","kill_test_41069025_common6 (n=6)","development","docs/arkitscenes_representation_kill_test.md","e14d8fe","Gitignored report: exact_accuracy_all = 0.0."
"F06","ARKitScenes","arkitscenes_41069025","object/label map","spatial QA answering — representation kill test, 6 common room-observable questions","false-confident rate","—","6","1.000","no threshold","delivered","kill_test_41069025_common6 (n=6)","development","docs/arkitscenes_representation_kill_test.md","e14d8fe","Doc states the rate only; the denominator convention for this rate is not stated in the doc. Gitignored report: false_confident_rate = 1.0."
"F07","ARKitScenes","arkitscenes_41069025","current typed graph","spatial QA answering — representation kill test, 6 common room-observable questions","correct","0","6","0 / 6","delivered graph holds 151 edges, all NEAR","delivered","kill_test_41069025_common6 (n=6)","development","docs/arkitscenes_representation_kill_test.md","e14d8fe","Doc: 'The typed-graph arm is identical to the object-map arm on every question.' The graph contributed no uniquely correct answer. Cross-check: gitignored report arms/typed_graph."
"F08","ARKitScenes","arkitscenes_41069025","current typed graph","spatial QA answering — representation kill test, 6 common room-observable questions","wrong","5","6","5 / 6","151 NEAR edges","delivered","kill_test_41069025_common6 (n=6)","development","docs/arkitscenes_representation_kill_test.md","e14d8fe","Relevant to the later relation challenge: here the typed graph answered confidently and wrongly 5 times; in the relation challenge it abstained instead. The doc warns these are different failures and must not be collapsed."
"F09","ARKitScenes","arkitscenes_41069025","current typed graph","spatial QA answering — representation kill test, 6 common room-observable questions","unanswered","1","6","1 / 6","151 NEAR edges","delivered","kill_test_41069025_common6 (n=6)","development","docs/arkitscenes_representation_kill_test.md","e14d8fe","q6_cushion_on_sofa. Doc finding 2 explicitly corrects an earlier revision: this is direct RGB against a MISSING CAPABILITY, not against graph relation reasoning."
"F10","ARKitScenes","arkitscenes_41069025","current typed graph","spatial QA answering — representation kill test, 6 common room-observable questions","coverage","—","6","0.833","151 NEAR edges","delivered","kill_test_41069025_common6 (n=6)","development","docs/arkitscenes_representation_kill_test.md","e14d8fe","Gitignored report: 0.8333."
"F11","ARKitScenes","arkitscenes_41069025","current typed graph","spatial QA answering — representation kill test, 6 common room-observable questions","exact accuracy","0","6","0.000","151 NEAR edges","delivered","kill_test_41069025_common6 (n=6)","development","docs/arkitscenes_representation_kill_test.md","e14d8fe","Doc: this is NOT evidence that graphs are useless — the delivered graph does not contain the relation the available human question needs."
"F12","ARKitScenes","arkitscenes_41069025","current typed graph","spatial QA answering — representation kill test, 6 common room-observable questions","false-confident rate","—","6","1.000","151 NEAR edges","delivered","kill_test_41069025_common6 (n=6)","development","docs/arkitscenes_representation_kill_test.md","e14d8fe","Every answer it gave was wrong."
"F13","ARKitScenes","arkitscenes_41069025","direct visual VLM (blinded multi-view RGB)","spatial QA answering — representation kill test, 6 common room-observable questions","correct","4","6","4 / 6","18 frames in equal capture-time bins, highest-information RGB per bin","deployable","kill_test_41069025_common6 (n=6)","development","docs/arkitscenes_representation_kill_test.md","e14d8fe","Blinded response from a fresh Claude vision conversation (anthropic / claude-opus-5) given only the contact sheet and prompt.txt. Blinding is PROCEDURAL (owner-enforced isolation), not enforced by the repository — the doc says so explicitly. Doc preserves 4/6 as measured and forbids retro-fitting the key."
"F14","ARKitScenes","arkitscenes_41069025","direct visual VLM (blinded multi-view RGB)","spatial QA answering — representation kill test, 6 common room-observable questions","wrong","2","6","2 / 6","18-frame contact sheet","deployable","kill_test_41069025_common6 (n=6)","development","docs/arkitscenes_representation_kill_test.md","e14d8fe","Both failures (q2_trash_can_cardinality, q3_counter_cardinality) are common to all four arms and the doc calls them 'partly definitional' — counting conventions the key does not state."
"F15","ARKitScenes","arkitscenes_41069025","direct visual VLM (blinded multi-view RGB)","spatial QA answering — representation kill test, 6 common room-observable questions","unanswered","0","6","0 / 6","18-frame contact sheet","deployable","kill_test_41069025_common6 (n=6)","development","docs/arkitscenes_representation_kill_test.md","e14d8fe","Answered every question."
"F16","ARKitScenes","arkitscenes_41069025","direct visual VLM (blinded multi-view RGB)","spatial QA answering — representation kill test, 6 common room-observable questions","coverage","—","6","1.000","18-frame contact sheet","deployable","kill_test_41069025_common6 (n=6)","development","docs/arkitscenes_representation_kill_test.md","e14d8fe","Gitignored report: 1.0."
"F17","ARKitScenes","arkitscenes_41069025","direct visual VLM (blinded multi-view RGB)","spatial QA answering — representation kill test, 6 common room-observable questions","exact accuracy","4","6","0.667","18-frame contact sheet","deployable","kill_test_41069025_common6 (n=6)","development","docs/arkitscenes_representation_kill_test.md","e14d8fe","Doc: 'Direct multi-view RGB is currently the strongest answer source, 4/6 vs 0/6.' One scene, six questions, one blinded response — a screening result that does not generalize."
"F18","ARKitScenes","arkitscenes_41069025","direct visual VLM (blinded multi-view RGB)","spatial QA answering — representation kill test, 6 common room-observable questions","false-confident rate","—","6","0.333","18-frame contact sheet","deployable","kill_test_41069025_common6 (n=6)","development","docs/arkitscenes_representation_kill_test.md","e14d8fe","Gitignored report: 0.3333."
"F19","ARKitScenes","arkitscenes_41069025","evidence-aware hybrid","spatial QA answering — representation kill test, 6 common room-observable questions","correct","4","6","4 / 6","route to graph only if question is support_relation AND graph materializes an answer; two-view abstention gate","deployable","kill_test_41069025_common6 (n=6)","development","docs/arkitscenes_representation_kill_test.md","e14d8fe","Doc: 'The hybrid is exactly the direct arm.' The router never reached the graph and the two-view abstention gate never fired. This is not an independent measurement of a hybrid architecture."
"F20","ARKitScenes","arkitscenes_41069025","evidence-aware hybrid","spatial QA answering — representation kill test, 6 common room-observable questions","wrong","2","6","2 / 6","two-view abstention gate (never fired)","deployable","kill_test_41069025_common6 (n=6)","development","docs/arkitscenes_representation_kill_test.md","e14d8fe","Byte-identical to the direct arm."
"F21","ARKitScenes","arkitscenes_41069025","evidence-aware hybrid","spatial QA answering — representation kill test, 6 common room-observable questions","unanswered","0","6","0 / 6","two-view abstention gate (never fired)","deployable","kill_test_41069025_common6 (n=6)","development","docs/arkitscenes_representation_kill_test.md","e14d8fe","Gate never had a candidate to reject; every visual answer cited at least two valid frames."
"F22","ARKitScenes","arkitscenes_41069025","evidence-aware hybrid","spatial QA answering — representation kill test, 6 common room-observable questions","coverage","—","6","1.000","two-view abstention gate (never fired)","deployable","kill_test_41069025_common6 (n=6)","development","docs/arkitscenes_representation_kill_test.md","e14d8fe","Gitignored report decision/hybrid_coverage = 1.0."
"F23","ARKitScenes","arkitscenes_41069025","evidence-aware hybrid","spatial QA answering — representation kill test, 6 common room-observable questions","exact accuracy","4","6","0.667","two-view abstention gate (never fired)","deployable","kill_test_41069025_common6 (n=6)","development","docs/arkitscenes_representation_kill_test.md","e14d8fe","Identical to direct VLM by construction on this key."
"F24","ARKitScenes","arkitscenes_41069025","evidence-aware hybrid","spatial QA answering — representation kill test, 6 common room-observable questions","false-confident rate","—","6","0.333","two-view abstention gate (never fired)","deployable","kill_test_41069025_common6 (n=6)","development","docs/arkitscenes_representation_kill_test.md","e14d8fe","Gitignored report: 0.3333."
"F25","ARKitScenes","arkitscenes_41069025","evidence-aware hybrid vs best single arm","predeclared screening decision rule","absolute exact-accuracy gain vs best single arm (required >= 0.10)","—","6","0.0000 (required >= 0.10) — MISSED","gain >= 0.10","deployable","kill_test_41069025_common6 (n=6)","development","docs/arkitscenes_representation_kill_test.md","e14d8fe","The doc records BEFORE scoring that this clause was 'unreachable in this configuration' whatever the blinded model answered, because the hybrid can only convert a visual answer into an abstention. Recording the prediction before the score is what makes proceed=false a test outcome rather than a story fitted afterwards."
"F26","ARKitScenes","arkitscenes_41069025","evidence-aware hybrid vs lowest single arm","predeclared screening decision rule","wrong-answer reduction (required >= 0.30 at coverage >= 0.60)","—","6","0.0000 (required >= 0.30) — MISSED","wrong-answer reduction >= 0.30 at coverage >= 0.60","deployable","kill_test_41069025_common6 (n=6)","development","docs/arkitscenes_representation_kill_test.md","e14d8fe","Came in at exactly 0.0000 because the abstention gate never fired. Doc: 'Evidence sufficiency was NOT meaningfully tested.'"
"F27","ARKitScenes","arkitscenes_41069025","kill test as a whole","predeclared screening decision rule","proceed to a larger hybrid","—","—","false","both clauses missed at exactly zero","deployable","kill_test_41069025_common6 (n=6)","development","docs/arkitscenes_representation_kill_test.md","e14d8fe","Decision: use direct visual QA for the immediate demo; make relation evidence the next engineering task, not a bigger router. Gitignored report: decision/proceed = False."
"F28","ARKitScenes","arkitscenes_41069025 + arkitscenes_41069042 (merged)","geometry_relation_ceiling","NEAR relation answering — relation challenge, 12 authored / 10 scored","correct","7","10","7 / 10","NEAR = 1.0 m, aabb_to_aabb_surface, strict less-than","identity_oracle","relation_challenge_v1 (12 authored, 10 scored, 2 owner-ambiguous excluded)","development — both scenes used throughout the project","docs/arkitscenes_relation_challenge.md","b33abed","NOT DEPLOYABLE. Identity comes from human-verified UID mappings; relations recomputed with the extractor's own aabb_to_aabb_surface. Doc marks deployable = 'no'; gitignored report carries warning 'consumes human-verified identity; never quote as deployable system performance'. Denominator 10 confirmed from the TRACKED key eval/human_feedback/arkitscenes_relation_challenge_key_v1.json (12 items, 2 marked ambiguous)."
"F29","ARKitScenes","arkitscenes_41069025 + arkitscenes_41069042 (merged)","geometry_relation_ceiling","NEAR relation answering — relation challenge, 10 scored","wrong","1","10","1 / 10","NEAR = 1.0 m aabb_surface","identity_oracle","relation_challenge_v1 (10 scored)","development","docs/arkitscenes_relation_challenge.md","b33abed","The single error is q42_bin_bed_near_desk. Doc corrects the predeclared reading: it is a CONVENTION divergence, not a geometry failure — bed-to-desk AABB-surface 0.320 m, true point-cloud nearest 0.633 m, both under the declared 1.0 m rule, so NEAR either way; the owner applied a stricter notion of near."
"F30","ARKitScenes","arkitscenes_41069025 + arkitscenes_41069042 (merged)","geometry_relation_ceiling","NEAR relation answering — relation challenge, 10 scored","unanswered","2","10","2 / 10","NEAR = 1.0 m aabb_surface","identity_oracle","relation_challenge_v1 (10 scored)","development","docs/arkitscenes_relation_challenge.md","b33abed","q25_set_near_sofa and q42_set_near_window — exhaustive-set items whose roster contains an object never delivered (striped rug; white radiator). Not a scoring rule: the objects are not there."
"F31","ARKitScenes","arkitscenes_41069025 + arkitscenes_41069042 (merged)","geometry_relation_ceiling","NEAR relation answering — relation challenge, 10 scored","coverage","—","10","0.800","NEAR = 1.0 m aabb_surface","identity_oracle","relation_challenge_v1 (10 scored)","development","docs/arkitscenes_relation_challenge.md","b33abed","SOURCE CAVEAT: this coverage value is NOT stated in any tracked doc. The tracked relation-challenge doc gives only the tally (7/1/2, excl 2) and accuracy 0.700; docs/direct_rgb_product_path.md lists coverage for four arms but not for this one. 0.800 was read only from GITIGNORED runs/arkit_relation_challenge/report.json (arms/geometry_relation_ceiling/summary/coverage). source_is_tracked=false accordingly."
"F32","ARKitScenes","arkitscenes_41069025 + arkitscenes_41069042 (merged)","geometry_relation_ceiling","NEAR relation answering — relation challenge, 10 scored","exact accuracy","7","10","0.700","NEAR = 1.0 m aabb_surface","identity_oracle","relation_challenge_v1 (10 scored)","development","docs/arkitscenes_relation_challenge.md","b33abed","MUST NOT be quoted as deployable performance. Doc: 'Geometry is adequate only in a bounded sense' — adequate for delivered objects a human resolved to a UID, under the declared 1.0 m convention."
"F33","ARKitScenes","arkitscenes_41069025","geometry_relation_ceiling","NEAR relation answering — relation challenge, per-scene","correct (per scene)","5","6","5 / 6 correct, 0 wrong","NEAR = 1.0 m aabb_surface","identity_oracle","relation_challenge_v1 per-scene (41069025, n=6 scored)","development","docs/arkitscenes_relation_challenge.md","b33abed","Doc: 'Per scene, ceiling: 41069025 5/6 correct, 0 wrong'. Denominator 6, NOT 10 — do not merge with the pooled row. 7 authored in this scene, 1 excluded owner-ambiguous."
"F34","ARKitScenes","arkitscenes_41069042","geometry_relation_ceiling","NEAR relation answering — relation challenge, per-scene","correct (per scene)","2","4","2 / 4 correct, 1 wrong","NEAR = 1.0 m aabb_surface","identity_oracle","relation_challenge_v1 per-scene (41069042, n=4 scored)","development","docs/arkitscenes_relation_challenge.md","b33abed","Doc: '41069042 2/4 correct, 1 wrong'. Denominator 4, NOT 10. 5 authored in this scene, 1 excluded owner-ambiguous."
"F35","ARKitScenes","arkitscenes_41069025 + arkitscenes_41069042 (merged)","stored_graph_human_identity","NEAR relation answering — relation challenge, 10 scored","correct","7","10","7 / 10","serialized NEAR edges + stored distance_m; recomputes no geometry","identity_oracle","relation_challenge_v1 (10 scored)","development","docs/arkitscenes_relation_challenge.md","b33abed","NOT DEPLOYABLE — identity oracle. Human-verified UID mappings; answers read only edges the extractor serialized. Gitignored report warning: 'consumes human-verified identity; diagnostic only'. This is the arm docs/direct_rgb_product_path.md labels 'stored graph + human identity | 7/10 | 0.80 | no — identity oracle'."
"F36","ARKitScenes","arkitscenes_41069025 + arkitscenes_41069042 (merged)","stored_graph_human_identity","NEAR relation answering — relation challenge, 10 scored","wrong","1","10","1 / 10","serialized NEAR edges only","identity_oracle","relation_challenge_v1 (10 scored)","development","docs/arkitscenes_relation_challenge.md","b33abed","Same item as the ceiling (q42_bin_bed_near_desk); the two arms agree 12/12."
"F37","ARKitScenes","arkitscenes_41069025 + arkitscenes_41069042 (merged)","stored_graph_human_identity","NEAR relation answering — relation challenge, 10 scored","unanswered","2","10","2 / 10","serialized NEAR edges only","identity_oracle","relation_challenge_v1 (10 scored)","development","docs/arkitscenes_relation_challenge.md","b33abed","Same two exhaustive-set items as the ceiling."
"F38","ARKitScenes","arkitscenes_41069025 + arkitscenes_41069042 (merged)","stored_graph_human_identity","NEAR relation answering — relation challenge, 10 scored","coverage","—","10","0.80","serialized NEAR edges only","identity_oracle","relation_challenge_v1 (10 scored)","development","docs/direct_rgb_product_path.md","c8e200d","Stated in the tracked doc's arm table, explicitly labelled 'no — identity oracle'. Gitignored runs/arkit_relation_challenge/report.json agrees (0.8)."
"F39","ARKitScenes","arkitscenes_41069025 + arkitscenes_41069042 (merged)","stored_graph_human_identity","NEAR relation answering — relation challenge, 10 scored","exact accuracy","7","10","0.700","serialized NEAR edges only","identity_oracle","relation_challenge_v1 (10 scored)","development","docs/arkitscenes_relation_challenge.md","b33abed","MUST NOT be quoted as deployable performance. This is the ceiling the grounding bridge was scored against."
"F40","ARKitScenes","arkitscenes_41069025 + arkitscenes_41069042 (merged)","delivered_graph (exact match on learned display_label)","NEAR relation answering — relation challenge, 10 scored","correct","0","10","0 / 10","exact-match on learned display_label","delivered","relation_challenge_v1 (10 scored)","development","docs/arkitscenes_relation_challenge.md","b33abed","Deployable (no human key), and it scored zero. Pre-registered BEFORE any key existed: the label stage resolves exactly one anchor across both scenes (long narrow desk -> obj_14), so delivered-graph-unique wins were zero BY CONSTRUCTION. Doc: 'A zero here is a fact about instance naming, and must not be read as evidence about graphs.'"
"F41","ARKitScenes","arkitscenes_41069025 + arkitscenes_41069042 (merged)","delivered_graph (exact match on learned display_label)","NEAR relation answering — relation challenge, 10 scored","wrong","0","10","0 / 10","exact-match on learned display_label","delivered","relation_challenge_v1 (10 scored)","development","docs/arkitscenes_relation_challenge.md","b33abed","Doc insists on '0 correct', not 'answered nothing' — in the kill test the same structured arm returned 5 wrong of 6; here it abstained. Different failures, different denominators, do not collapse."
"F42","ARKitScenes","arkitscenes_41069025 + arkitscenes_41069042 (merged)","delivered_graph (exact match on learned display_label)","NEAR relation answering — relation challenge, 10 scored","unanswered","10","10","10 / 10","exact-match on learned display_label","delivered","relation_challenge_v1 (10 scored)","development","docs/arkitscenes_relation_challenge.md","b33abed","Abstained on all ten exactly as pre-registered. (Over all 12 authored items: abstained 10, excluded 2.)"
"F43","ARKitScenes","arkitscenes_41069025 + arkitscenes_41069042 (merged)","delivered_graph (exact match on learned display_label)","NEAR relation answering — relation challenge, 10 scored","coverage","0","10","0.00","exact-match on learned display_label","delivered","relation_challenge_v1 (10 scored)","development","docs/direct_rgb_product_path.md","c8e200d","Gitignored report agrees (coverage 0.0, accuracy_when_answered = null)."
"F44","ARKitScenes","arkitscenes_41069025 + arkitscenes_41069042 (merged)","delivered_graph (exact match on learned display_label)","NEAR relation answering — relation challenge, 10 scored","exact accuracy","0","10","0.000","exact-match on learned display_label","delivered","relation_challenge_v1 (10 scored)","development","docs/arkitscenes_relation_challenge.md","b33abed","This is the deployable floor the grounding bridge was built to lift."
"F45","ARKitScenes","arkitscenes_41069025 + arkitscenes_41069042 (merged)","grounded_delivered_graph (oracle-free OpenCLIP crop grounding + serialized NEAR edges)","NEAR relation answering — relation challenge, 10 scored","correct","2","10","2 / 10","admission: top aggregate entity must win >= 2 view slots; no numeric confidence threshold","delivered","relation_challenge_v1 (10 scored)","development","docs/arkitscenes_grounding_bridge.md","d6baa42","DEPLOYABLE (gitignored report: deployable=True, identity_source='oracle-free grounding sidecar 51b56774262146de'). Doc warns the 2/0/8 is composition luck, not a safety property: a question abstains if ANY anchor abstains, so mis-grounded anchors mostly landed in already-abstaining questions."
"F46","ARKitScenes","arkitscenes_41069025 + arkitscenes_41069042 (merged)","grounded_delivered_graph","NEAR relation answering — relation challenge, 10 scored","wrong","0","10","0 / 10",">= 2 agreeing view slots","delivered","relation_challenge_v1 (10 scored)","development","docs/arkitscenes_grounding_bridge.md","d6baa42","Doc: 'On a question whose anchors all resolved wrongly, this arm would answer confidently and wrongly.' Zero wrong here is not a demonstrated safety property."
"F47","ARKitScenes","arkitscenes_41069025 + arkitscenes_41069042 (merged)","grounded_delivered_graph","NEAR relation answering — relation challenge, 10 scored","unanswered","8","10","8 / 10",">= 2 agreeing view slots","delivered","relation_challenge_v1 (10 scored)","development","docs/arkitscenes_grounding_bridge.md","d6baa42","Gitignored report: per-scene 41069025 tally 2 correct / 4 unanswered (n=6); 41069042 tally 0 correct / 4 unanswered (n=4). The tracked grounding doc states only the pooled 2/0/8; the excluded-2 count for this arm appears only in the gitignored report."
"F48","ARKitScenes","arkitscenes_41069025 + arkitscenes_41069042 (merged)","grounded_delivered_graph","NEAR relation answering — relation challenge, 10 scored","coverage","2","10","0.20",">= 2 agreeing view slots","delivered","relation_challenge_v1 (10 scored)","development","docs/direct_rgb_product_path.md","c8e200d","Numerator 2 = the two answered items, which were also the two correct ones (0 wrong). Gitignored report agrees (coverage 0.2, accuracy_when_answered 1.0)."
"F49","ARKitScenes","arkitscenes_41069025 + arkitscenes_41069042 (merged)","grounded_delivered_graph","NEAR relation answering — relation challenge, 10 scored","exact accuracy","2","10","0.200",">= 2 agreeing view slots","delivered","relation_challenge_v1 (10 scored)","development","docs/arkitscenes_grounding_bridge.md","d6baa42","Doc: 'Grounding closed roughly a fifth of the gap between exact-label matching (0.000) and perfect identity (0.700).'"
"F50","ARKitScenes","arkitscenes_41069025 + arkitscenes_41069042 (merged)","blinded_rgb_vlm","NEAR relation answering — relation challenge, 10 scored","correct","7","10","7 / 10","18-frame survey packet per scene; blinded, one fresh context per scene","deployable","relation_challenge_v1 (10 scored)","development","docs/arkitscenes_relation_challenge.md","b33abed","Deployable, needs no mapping/bridge/graph. Ties the identity oracle at 7/10 but ON DIFFERENT ITEMS: structure uniquely won q42_cmp_picture_drawers_vs_bed; RGB uniquely won q25_set_near_sofa (and that win is over an INSTANCE-DELIVERY hole — the striped rug is not in the delivered partition — not over spatial reasoning)."
"F51","ARKitScenes","arkitscenes_41069025 + arkitscenes_41069042 (merged)","blinded_rgb_vlm","NEAR relation answering — relation challenge, 10 scored","wrong","2","10","2 / 10","18-frame survey packet per scene","deployable","relation_challenge_v1 (10 scored)","development","docs/arkitscenes_relation_challenge.md","b33abed","q42_bin_bed_near_desk (same error as the structured arms) plus q42_set_near_window (included the white radiator and the bed where the owner named only the cream curtain)."
"F52","ARKitScenes","arkitscenes_41069025 + arkitscenes_41069042 (merged)","blinded_rgb_vlm","NEAR relation answering — relation challenge, 10 scored","unanswered","1","10","1 / 10","18-frame survey packet per scene","deployable","relation_challenge_v1 (10 scored)","development","docs/arkitscenes_relation_challenge.md","b33abed","q42_cmp_picture_drawers_vs_bed — declined outright with 0 citations; owner recorded it at ONE view."
"F53","ARKitScenes","arkitscenes_41069025 + arkitscenes_41069042 (merged)","blinded_rgb_vlm","NEAR relation answering — relation challenge, 10 scored","coverage","—","10","0.90","18-frame survey packet per scene","deployable","relation_challenge_v1 (10 scored)","development","docs/direct_rgb_product_path.md","c8e200d","Gitignored report agrees (0.9); accuracy_when_answered 0.7778, false_confident_rate 0.2222."
"F54","ARKitScenes","arkitscenes_41069025 + arkitscenes_41069042 (merged)","blinded_rgb_vlm","NEAR relation answering — relation challenge, 10 scored","exact accuracy","7","10","0.700","18-frame survey packet per scene","deployable","relation_challenge_v1 (10 scored)","development","docs/arkitscenes_relation_challenge.md","b33abed","The only 0.700 on this key that is deployable. Per-scene split is very uneven (gitignored report: 41069025 6/6, 41069042 1/4) — do not read the pooled 0.700 as uniform."
"F55","ARKitScenes","arkitscenes_41069025 + arkitscenes_41069042 (merged)","evidence_aware_hybrid","NEAR relation answering — relation challenge, 10 scored","correct","7","10","7 / 10","two-view sufficiency gate — PARKED 2026-08-17 as telemetry only; never fired","deployable","relation_challenge_v1 (10 scored)","development","docs/arkitscenes_relation_challenge.md","b33abed","Doc: 'evidence_aware_hybrid is byte-identical to blinded_rgb_vlm again.' The gate has now survived two experiments without ever being exercised. Not an independent measurement."
"F56","ARKitScenes","arkitscenes_41069025 + arkitscenes_41069042 (merged)","evidence_aware_hybrid","NEAR relation answering — relation challenge, 10 scored","wrong","2","10","2 / 10","sufficiency gate parked; never fired","deployable","relation_challenge_v1 (10 scored)","development","docs/arkitscenes_relation_challenge.md","b33abed","Identical to blinded_rgb_vlm."
"F57","ARKitScenes","arkitscenes_41069025 + arkitscenes_41069042 (merged)","evidence_aware_hybrid","NEAR relation answering — relation challenge, 10 scored","unanswered","1","10","1 / 10","sufficiency gate parked; never fired","deployable","relation_challenge_v1 (10 scored)","development","docs/arkitscenes_relation_challenge.md","b33abed","Identical to blinded_rgb_vlm."
"F58","ARKitScenes","arkitscenes_41069025 + arkitscenes_41069042 (merged)","evidence_aware_hybrid","NEAR relation answering — relation challenge, 10 scored","coverage","—","10","0.900","sufficiency gate parked; never fired","deployable","relation_challenge_v1 (10 scored)","development","docs/arkitscenes_relation_challenge.md","b33abed","SOURCE CAVEAT: not stated in any tracked doc (the tracked relation doc gives the tally and accuracy only; direct_rgb_product_path.md omits this arm). 0.900 read only from GITIGNORED runs/arkit_relation_challenge/report.json (arms/evidence_aware_hybrid/summary/coverage)."
"F59","ARKitScenes","arkitscenes_41069025 + arkitscenes_41069042 (merged)","evidence_aware_hybrid","NEAR relation answering — relation challenge, 10 scored","exact accuracy","7","10","0.700","sufficiency gate parked; never fired","deployable","relation_challenge_v1 (10 scored)","development","docs/arkitscenes_relation_challenge.md","b33abed","Because the gate never fired, parking it re-scores all five arms and the decision byte-identically."
"F60","ARKitScenes","arkitscenes_41069025 + arkitscenes_41069042 (merged)","delivered_graph vs blinded_rgb_vlm","continuation bar — relation challenge","delivered-graph-unique correct answers (bar >= 2, preferably one per scene)","0","10","0 (required >= 2) — BAR NOT MET",">= 2 delivered-graph-unique wins","delivered","relation_challenge_v1 (10 scored)","development","docs/arkitscenes_relation_challenge.md","b33abed","n_graph_unique_wins = 0, meets_bar = false, exactly as pre-registered. Per scene 0 and 0. Doc: 'A ceiling win is not a graph win.'"
"F61","ARKitScenes","arkitscenes_41069042","geometry_relation_ceiling / stored_graph_human_identity vs blinded_rgb_vlm","diagnostic head-to-head — relation challenge","structure-unique wins over RGB (DIAGNOSTIC ONLY)","1","10","1 / 10","n/a","identity_oracle","relation_challenge_v1 (10 scored)","development","docs/arkitscenes_relation_challenge.md","b33abed","q42_cmp_picture_drawers_vs_bed — structure answered 'bed', RGB returned unknown with 0 citations. DOES NOT COUNT toward the continuation bar: the ceiling consumes human identity. Gitignored report note: 'DIAGNOSTIC ONLY... a ceiling-unique win is NOT a graph win.'"
"F62","ARKitScenes","arkitscenes_41069025","blinded_rgb_vlm vs geometry_relation_ceiling / stored_graph_human_identity","diagnostic head-to-head — relation challenge","RGB-unique wins over structure (DIAGNOSTIC ONLY)","1","10","1 / 10","n/a","deployable","relation_challenge_v1 (10 scored)","development","docs/arkitscenes_relation_challenge.md","b33abed","q25_set_near_sofa. Doc: this is a win over an INSTANCE-DELIVERY hole (the striped rug is absent from the delivered partition), not over spatial reasoning. The correct answer is not expressible in the delivered partition at any layer."
"F63","ARKitScenes","arkitscenes_41069025 + arkitscenes_41069042 (merged)","geometry_relation_ceiling vs stored_graph_human_identity","relation-extraction audit","item-for-item agreement","12","12","12 / 12 (agreement rate 1.0, 0 disagreements)","identity is the only variable; the oracle replay never calls aabb_to_aabb_surface (AST-checked)","identity_oracle","relation_challenge_v1 audit (n=12 authored, NOT the 10-scored set)","development","docs/arkitscenes_relation_challenge.md","b33abed","DENOMINATOR IS 12, NOT 10 — this comparison runs over all authored items including both abstentions and the single error. Conclusion: relation extraction is CLEARED on this slice; naming alone binds. Both arms are identity oracles, so this clears extraction, it does not demonstrate deployable capability."
"F64","ARKitScenes","arkitscenes_41069025 + arkitscenes_41069042 (merged)","geometry_relation_ceiling vs delivered_graph","attribution partition — relation challenge","items in bucket 'ceiling correct, delivered unanswered'","7","12","7 / 12 (= 7 of the 10 scored items)","n/a","identity_oracle","relation_challenge_v1 attribution partition (n=12, verified to partition)","development","docs/arkitscenes_relation_challenge.md","b33abed","Full partition over 12: 7 ceiling-correct/delivered-unanswered; 2 ceiling-unanswerable-no-exhaustive-set; 1 ceiling wrong; 2 excluded no human answer. ZERO 'ceiling correct, delivered wrong' and ZERO 'ceiling unanswerable (no UID)'. Headline: naming and instance delivery bind, not relation extraction and not geometry."
"F65","ARKitScenes","arkitscenes_41069025 + arkitscenes_41069042 (merged)","all arms","key construction — relation challenge","items excluded as owner-ambiguous","2","12","2 / 12 excluded -> 10 scored","n/a","definition-change","relation_challenge_v1 (12 authored)","development","docs/arkitscenes_relation_challenge.md","b33abed","q25_cmp_rug_sofa_vs_counter and q42_cmp_radiator_window_vs_desk. Confirmed independently in the TRACKED key eval/human_feedback/arkitscenes_relation_challenge_key_v1.json (12 human_relation_truth rows, 2 with ambiguous=true). This is why 12 authored != 10 scored; scope marked definition-change because it is a key/scoring-set decision, not a model effect."
"F66","ARKitScenes","arkitscenes_41069025 + arkitscenes_41069042 (merged)","evidence_aware_hybrid sufficiency gate","secondary sufficiency subtest — relation challenge","times the two-view sufficiency gate fired","0","7","0 of 7 thin-evidence items (0 wrong answers suppressed, 0 correct answers suppressed)","gate requires >= 2 cited frames; PARKED as telemetry 2026-08-17","deployable","relation_challenge_v1 thin-evidence slice (n=7 of 12 authored)","development","docs/arkitscenes_relation_challenge.md","b33abed","Denominator 7 (owner-recorded 0- or 1-view items among the 12 authored) — NOT the 10-scored denominator. Doc: 'Seven of twelve items landed in the thin-evidence slice... but the gate never fired.' Doc elsewhere says 'Six of the twelve items carry an owner-recorded visibility of 0 or 1 view' — see contradictions."
"F67","ARKitScenes","arkitscenes_41069025 + arkitscenes_41069042 (merged)","oracle-free OpenCLIP crop-based grounding bridge (ViT-B-32-quickgelu / openai)","language-anchor -> delivered-entity UID grounding","anchor precision (correct admissions / all admissions)","7","12","0.583 (required >= 0.80) — FAIL","gate: precision >= 0.80; admission rule: top aggregate entity wins >= 2 view slots; NO numeric threshold swept","deployable","grounding_bridge_v1 (17 anchors, 15 human-resolvable, 12 admitted)","development — same two scenes, same seventeen anchors","docs/arkitscenes_grounding_bridge.md","d6baa42","Predeclared before any prediction; sidecar committed and hashed (51b56774262146de905ae8987f3fe8d5ddf970db6ae79a189b3854211a2a0f26) at 951269a BEFORE the human mappings were opened. Denominator is ALL admissions, not restricted to resolvable ones — an admission for an anchor with no human uid counts as incorrect. Cross-checked in the TRACKED sidecar eval/predictions/arkitscenes_anchor_grounding_v1.json: 8 admitted in 41069025 + 4 in 41069042 = 12."
"F68","ARKitScenes","arkitscenes_41069025 + arkitscenes_41069042 (merged)","oracle-free OpenCLIP crop-based grounding bridge","language-anchor -> delivered-entity UID grounding","anchor coverage (correct AND human-resolvable admissions / all human-resolvable anchors)","7","15","0.467 (required >= 0.60) — FAIL","gate: coverage >= 0.60 over human-resolvable delivered anchors","deployable","grounding_bridge_v1 (17 anchors, 15 human-resolvable)","development","docs/arkitscenes_grounding_bridge.md","d6baa42","DENOMINATOR IS 15 (human-resolvable anchors), NOT 12 and NOT 17 — do not merge with the precision row. Human-resolvable = owner's returned mapping gave a uid (not none/missing, not ambiguous). Gitignored report: 0.4667."
"F69","ARKitScenes","arkitscenes_41069025 + arkitscenes_41069042 (merged)","grounded_delivered_graph vs frozen blinded_rgb_vlm","deployable QA win count — grounding bridge gate 3","deployable graph-unique QA wins vs blinded RGB","0","10","0 (required >= 2) — FAIL","gate: >= 2 deployable graph-unique wins; ceiling wins never count","deployable","relation_challenge_v1 (10 scored) — the QA set the wins are counted over","development","docs/arkitscenes_grounding_bridge.md","d6baa42","Doc: 'Every item the grounded arm answered, blinded RGB also answered correctly.' Gitignored report: grounded_graph_unique_wins = [] (empty). Denominator is the 10 scored relation-challenge items."
"F70","ARKitScenes","arkitscenes_41069025 + arkitscenes_41069042 (merged)","oracle-free OpenCLIP crop-based grounding bridge","language-anchor -> delivered-entity UID grounding","anchors admitted","12","17","12 / 17 admitted; 15 / 17 human-resolvable; 7 admissions correct",">= 2 agreeing view slots","deployable","grounding_bridge_v1 (17 anchors)","development","docs/arkitscenes_grounding_bridge.md","d6baa42","Doc verbatim: '17 anchors, 15 human-resolvable, 12 admitted, 7 correct.' Confirmed against the TRACKED sidecar: 10 anchor entries in 41069025 + 7 in 41069042 = 17."
"F71","ARKitScenes","arkitscenes_41069025","oracle-free OpenCLIP crop-based grounding bridge","language-anchor -> delivered-entity UID grounding, per scene","anchor precision (per scene)","6","8","0.75",">= 2 agreeing view slots","deployable","grounding_bridge_v1 per-scene (41069025: 10 anchors, 9 resolvable, 8 admitted)","development","docs/arkitscenes_grounding_bridge.md","d6baa42","The ratio 0.75 is stated in the tracked doc. The integers 6/8 come only from GITIGNORED runs/arkit_relation_challenge/report.json (anchor_resolution/per_scene: n_correct=6, n_admitted=8, n_anchors=10, n_human_resolvable=9)."
"F72","ARKitScenes","arkitscenes_41069025","oracle-free OpenCLIP crop-based grounding bridge","language-anchor -> delivered-entity UID grounding, per scene","anchor coverage (per scene)","6","9","0.667",">= 2 agreeing view slots","deployable","grounding_bridge_v1 per-scene (41069025)","development","docs/arkitscenes_grounding_bridge.md","d6baa42","Ratio 0.667 stated in the tracked doc; integers 6/9 only in the gitignored report (coverage 0.6667). DENOMINATOR 9 (human-resolvable in this scene), different from the precision denominator 8."
"F73","ARKitScenes","arkitscenes_41069042","oracle-free OpenCLIP crop-based grounding bridge","language-anchor -> delivered-entity UID grounding, per scene","anchor precision (per scene)","1","4","0.25",">= 2 agreeing view slots","deployable","grounding_bridge_v1 per-scene (41069042: 7 anchors, 6 resolvable, 4 admitted)","development","docs/arkitscenes_grounding_bridge.md","d6baa42","Ratio stated in the tracked doc; integers 1/4 only in the gitignored report. Doc: 'A bridge that works in one room and not the other is not a bridge.'"
"F74","ARKitScenes","arkitscenes_41069042","oracle-free OpenCLIP crop-based grounding bridge","language-anchor -> delivered-entity UID grounding, per scene","anchor coverage (per scene)","1","6","0.167",">= 2 agreeing view slots","deployable","grounding_bridge_v1 per-scene (41069042)","development","docs/arkitscenes_grounding_bridge.md","d6baa42","Ratio stated in the tracked doc; integers 1/6 only in the gitignored report (0.1667). DENOMINATOR 6, different from the precision denominator 4."
"F75","ARKitScenes","arkitscenes_41069042","oracle-free OpenCLIP crop-based grounding bridge","language-anchor -> delivered-entity UID grounding","admissions for anchors with no human uid (precision errors, not suppressed)","1","12","1 of 12 admissions","3 of 3 agreeing view slots — maximum cross-view agreement","bug-diagnostic","grounding_bridge_v1 (12 admissions)","development","docs/arkitscenes_grounding_bridge.md","d6baa42","'white radiator' is none/missing in the owner's mapping, yet the bridge admitted obj_2 with THREE agreeing slots. Confirmed in the TRACKED sidecar (41069042 admitted: white radiator -> obj_2, agreeing_slots 3; cream curtain also -> obj_2, a second collision). Doc: 'Cross-view agreement measures consistency, not existence.' Gitignored report: admitted_but_not_human_resolvable has 1 entry."
"F76","ARKitScenes","47331972","direct multiview RGB (blinded, fixed path — no prompt/view/scoring change)","spatial QA answering — untouched-scene transfer test, run 2","correct","5","10","5 / 10","18 equal temporal bins, highest information-score frame per bin (reused verbatim)","deployable","rgb_transfer_47331972_run2 (n=10 scored, 0 excluded)","TRANSFER — 47331972 previously untouched; protocol frozen at 95246f0 before download or inspection","docs/arkitscenes_rgb_transfer_test.md","c8e200d","SCOPE CONFIRMED deployable END-TO-END: unseen scene, blinded response hash-pinned before the key was opened, human key is the ground truth and is not in the answer path. Scored exactly once, 2026-08-23. Response hash-pinned at e193e6f before scoring; key at 45f8ec9; packet 33355c8a..., questions 520074c2.... Run 1 is VOID (blinded model never ran, nothing scored). Cross-checked identical in GITIGNORED runs/arkit_rgb_transfer/47331972/score.json (tally correct=5)."
"F77","ARKitScenes","47331972","direct multiview RGB (blinded)","spatial QA answering — untouched-scene transfer test, run 2","wrong","0","10","0 / 10","18-frame packet","deployable","rgb_transfer_47331972_run2 (n=10 scored)","TRANSFER","docs/arkitscenes_rgb_transfer_test.md","c8e200d","SCOPE CONFIRMED deployable END-TO-END: unseen scene, blinded response hash-pinned before the key was opened, human key is the ground truth and is not in the answer path. The model never once answered wrongly. Confirmed from the TRACKED response file eval/human_feedback/arkitscenes_rgb_transfer_response_47331972.json against the TRACKED key eval/human_feedback/arkitscenes_rgb_transfer_key_47331972.json (5 'answer' outcomes, 5 'unknown')."
"F78","ARKitScenes","47331972","direct multiview RGB (blinded)","spatial QA answering — untouched-scene transfer test, run 2","unanswered","5","10","5 / 10","18-frame packet","deployable","rgb_transfer_47331972_run2 (n=10 scored)","TRANSFER","docs/arkitscenes_rgb_transfer_test.md","c8e200d","SCOPE CONFIRMED deployable END-TO-END: unseen scene, blinded response hash-pinned before the key was opened, human key is the ground truth and is not in the answer path. t_cmp_3, t_cmp_4, t_xview_1, t_xview_2, t_xview_3 — all returned outcome 'unknown', answer null, confidence 0.0, zero evidence frames. Verified directly in the tracked response file."
"F79","ARKitScenes","47331972","direct multiview RGB (blinded)","spatial QA answering — untouched-scene transfer test, cross-view form only","correct (cross-view items)","0","3","0 / 3 correct, 3 / 3 unanswered","three genuinely non-co-visible anchor pairs","deployable","rgb_transfer_47331972_run2 per-form (cross-view, n=3)","TRANSFER","docs/arkitscenes_rgb_transfer_test.md","c8e200d","SCOPE CONFIRMED deployable END-TO-END: unseen scene, blinded response hash-pinned before the key was opened, human key is the ground truth and is not in the answer path. DENOMINATOR IS 3, NOT 10 — do not merge with the pooled row. Doc: 'cross-view answered not at all'; 'the spatial questions that motivate this work, the cross-view ones, it declined wholesale'. Gitignored score.json labels this same group 'binary_near' in by_form while flagging cross_view=true on all three rows (see contradictions)."
"F80","ARKitScenes","47331972","direct multiview RGB (blinded)","spatial QA answering — untouched-scene transfer test, presence form only","correct (presence items)","3","3","3 / 3 correct, 0 unanswered","'in the captured space' scope wording (amendment 1)","deployable","rgb_transfer_47331972_run2 per-form (presence, n=3)","TRANSFER","docs/arkitscenes_rgb_transfer_test.md","c8e200d","SCOPE CONFIRMED deployable END-TO-END: unseen scene, blinded response hash-pinned before the key was opened, human key is the ground truth and is not in the answer path. DENOMINATOR 3. Confidence 0.96, 0.93, 0.68. Doc warns a clean presence sweep would license only 'RGB can tell whether a sofa exists in an unseen room', not the intended transfer sentence."
"F81","ARKitScenes","47331972","direct multiview RGB (blinded)","spatial QA answering — untouched-scene transfer test, comparative form only","correct (comparative items)","2","4","2 / 4 correct, 2 unanswered","ordinal, no threshold","deployable","rgb_transfer_47331972_run2 per-form (comparative, n=4)","TRANSFER","docs/arkitscenes_rgb_transfer_test.md","c8e200d","SCOPE CONFIRMED deployable END-TO-END: unseen scene, blinded response hash-pinned before the key was opened, human key is the ground truth and is not in the answer path. DENOMINATOR 4. Confidence on the two it attempted: 0.36 and 0.48 — both correct."
"F82","ARKitScenes","47331972","direct multiview RGB (blinded)","predeclared transfer gate 1","exact accuracy (gate: >= 0.60)","5","10","0.50 (required >= 0.60) — FAIL","gate: exact accuracy >= 0.60","deployable","rgb_transfer_47331972_run2 (n=10 scored)","TRANSFER","docs/arkitscenes_rgb_transfer_test.md","c8e200d","SCOPE CONFIRMED deployable END-TO-END: unseen scene, blinded response hash-pinned before the key was opened, human key is the ground truth and is not in the answer path. exact accuracy = correct / scored items, where scored excludes owner-ambiguous items (0 excluded here). Doc: 'exact_accuracy counts an abstention as a non-correct item, so a perfectly calibrated abstainer fails the accuracy gate too. Both gates failed on the same underlying behaviour.'"
"F83","ARKitScenes","47331972","direct multiview RGB (blinded)","predeclared transfer gate 2","answer coverage (gate: >= 0.80)","5","10","0.50 (required >= 0.80) — FAIL","gate: answer coverage >= 0.80","deployable","rgb_transfer_47331972_run2 (n=10 scored)","TRANSFER","docs/arkitscenes_rgb_transfer_test.md","c8e200d","SCOPE CONFIRMED deployable END-TO-END: unseen scene, blinded response hash-pinned before the key was opened, human key is the ground truth and is not in the answer path. answer coverage = (correct + wrong) / scored items; numerator 5 = 5 correct + 0 wrong, both stated. Stopping rule fired: demo remains a fixed evaluation replay, nothing retuned, no third scene, no gate softened."
"F84","ARKitScenes","47331972","direct multiview RGB (blinded)","predeclared run-validity condition","scored items (condition: >= 6, else run is void)","10","10","10 (required >= 6) — PASS","condition: scored set >= 6 items","deployable","rgb_transfer_47331972_run2 (n=10 authored, 10 scored)","TRANSFER","docs/arkitscenes_rgb_transfer_test.md","c8e200d","SCOPE CONFIRMED deployable END-TO-END: unseen scene, blinded response hash-pinned before the key was opened, human key is the ground truth and is not in the answer path. 0 items excluded as owner-ambiguous in run 2 (verified in the tracked key: all ten rows ambiguous=false). Contrast run 1, which is VOID: 8 questions, 4 owner-ambiguous, n=4."
"F85","ARKitScenes","47331972","direct multiview RGB (blinded)","spatial QA answering — untouched-scene transfer test, run 2","accuracy when answered","5","5","1.000","n/a","deployable","rgb_transfer_47331972_run2 answered-only slice (n=5)","TRANSFER","docs/arkitscenes_rgb_transfer_test.md","c8e200d","SCOPE CONFIRMED deployable END-TO-END: unseen scene, blinded response hash-pinned before the key was opened, human key is the ground truth and is not in the answer path. DENOMINATOR IS 5 (answered items), NOT 10 — must never be merged with the 0.50 accuracy row or quoted as the transfer result. Doc: 'It is not an accuracy failure... The failure is entirely coverage.' Gitignored score.json: accuracy_when_answered = 1.0."
"F86","ARKitScenes","47331972","direct multiview RGB (blinded)","spatial QA answering — untouched-scene transfer test, run 2","false-confident rate","0","5","0 (zero)","n/a","deployable","rgb_transfer_47331972_run2 answered-only slice (n=5)","TRANSFER","docs/arkitscenes_rgb_transfer_test.md","c8e200d","SCOPE CONFIRMED deployable END-TO-END: unseen scene, blinded response hash-pinned before the key was opened, human key is the ground truth and is not in the answer path. Doc: 'The false-confident rate is zero.' Denominator convention is not stated in the doc; the gitignored score.json reports false_confident_rate = 0.0 without an explicit denominator either."
"F87","ARKitScenes","47331972","direct multiview RGB (blinded)","thin-evidence subtest — untouched-scene transfer test","correct on the thin-evidence slice","2","6","2 answered of 6, both correct","owner-recorded evidence visibility of 0 or 1 view","deployable","rgb_transfer_47331972_run2 thin-evidence slice (n=6 owner-recorded 0- or 1-view items)","TRANSFER","docs/arkitscenes_rgb_transfer_test.md","c8e200d","SCOPE CONFIRMED deployable END-TO-END: unseen scene, blinded response hash-pinned before the key was opened, human key is the ground truth and is not in the answer path. DENOMINATOR 6, NOT 10. Doc: 'On the six-item thin-evidence slice it answered only two, and got both right.' Both zero-view items (t_xview_1, t_xview_3) are cross-view and were declined. Gitignored score.json thin_evidence_slice: n=6, answered=2, correct=2."
"F88","ARKitScenes","47331972","direct multiview RGB (blinded)","transfer conclusion","transfer claim made","—","—","NONE — both gates failed; demo remains a fixed evaluation replay","both gates required","deployable","rgb_transfer_47331972_run2","TRANSFER","docs/arkitscenes_rgb_transfer_test.md","c8e200d","SCOPE CONFIRMED deployable END-TO-END: unseen scene, blinded response hash-pinned before the key was opened, human key is the ground truth and is not in the answer path. Doc: 'Direct multiview RGB did not transfer under this procedure. What transferred is its calibration... What did not transfer is its reach.' Also: no comparison to the graph path, which did not run on this scene; the 41069025/41069042 results stand unchanged. Gitignored score.json: all_gates_pass = false, claim = 'NO TRANSFER CLAIM.'"
